match_id,venue,team1,team2,first_innings_total,second_innings_total,powerplay_runs_1st,powerplay_runs_2nd,middle_runs_1st,middle_runs_2nd,death_runs_1st,death_runs_2nd,toss_winner,toss_decision,winner
335982,M Chinnaswamy Stadium,Royal Challengers Bangalore,Kolkata Knight Riders,222,82,61,26,93,55,68,1,Royal Challengers Bangalore,field,Kolkata Knight Riders
335983,"Punjab Cricket Association Stadium, Mohali",Kings XI Punjab,Chennai Super Kings,240,207,53,63,108,102,79,42,Chennai Super Kings,bat,Chennai Super Kings
335984,Feroz Shah Kotla,Delhi Daredevils,Rajasthan Royals,129,132,40,55,56,73,33,4,Rajasthan Royals,bat,Delhi Daredevils
335985,Wankhede Stadium,Mumbai Indians,Royal Challengers Bangalore,165,166,47,40,58,78,60,48,Mumbai Indians,bat,Royal Challengers Bangalore
335986,Eden Gardens,Kolkata Knight Riders,Deccan Chargers,110,112,39,26,38,55,33,31,Deccan Chargers,bat,Kolkata Knight Riders
335987,Sawai Mansingh Stadium,Rajasthan Royals,Kings XI Punjab,166,168,54,53,61,89,51,26,Kings XI Punjab,bat,Rajasthan Royals
335988,"Rajiv Gandhi International Stadium, Uppal",Deccan Chargers,Delhi Daredevils,142,143,25,48,48,95,69,0,Deccan Chargers,bat,Delhi Daredevils
335989,"MA Chidambaram Stadium, Chepauk",Chennai Super Kings,Mumbai Indians,208,202,53,52,90,82,65,68,Mumbai Indians,field,Chennai Super Kings
335990,"Rajiv Gandhi International Stadium, Uppal",Deccan Chargers,Rajasthan Royals,214,217,58,73,90,86,66,58,Rajasthan Royals,field,Rajasthan Royals
335991,"Punjab Cricket Association Stadium, Mohali",Kings XI Punjab,Mumbai Indians,182,116,60,39,78,62,44,15,Mumbai Indians,field,Kings XI Punjab
335992,M Chinnaswamy Stadium,Royal Challengers Bangalore,Rajasthan Royals,135,138,57,45,38,76,40,17,Rajasthan Royals,field,Rajasthan Royals
335993,"MA Chidambaram Stadium, Chepauk",Chennai Super Kings,Kolkata Knight Riders,147,152,61,45,43,76,43,31,Kolkata Knight Riders,bat,Chennai Super Kings
335994,Dr DY Patil Sports Academy,Mumbai Indians,Deccan Chargers,154,155,27,60,72,95,55,0,Deccan Chargers,field,Deccan Chargers
335995,"Punjab Cricket Association Stadium, Mohali",Kings XI Punjab,Delhi Daredevils,158,162,45,55,62,68,51,39,Delhi Daredevils,bat,Kings XI Punjab
335996,M Chinnaswamy Stadium,Royal Challengers Bangalore,Chennai Super Kings,178,165,36,45,66,87,76,33,Chennai Super Kings,bat,Chennai Super Kings
335997,Eden Gardens,Kolkata Knight Riders,Mumbai Indians,137,138,40,38,47,72,50,28,Kolkata Knight Riders,bat,Mumbai Indians
335998,Feroz Shah Kotla,Delhi Daredevils,Royal Challengers Bangalore,191,181,58,55,93,79,40,47,Royal Challengers Bangalore,field,Delhi Daredevils
335999,"Rajiv Gandhi International Stadium, Uppal",Deccan Chargers,Kings XI Punjab,164,167,50,41,61,88,53,38,Kings XI Punjab,field,Kings XI Punjab
336000,Sawai Mansingh Stadium,Rajasthan Royals,Kolkata Knight Riders,196,151,45,51,97,77,54,23,Rajasthan Royals,bat,Rajasthan Royals
336001,"MA Chidambaram Stadium, Chepauk",Chennai Super Kings,Delhi Daredevils,169,172,47,64,79,78,43,30,Chennai Super Kings,bat,Delhi Daredevils
336002,"Rajiv Gandhi International Stadium, Uppal",Deccan Chargers,Royal Challengers Bangalore,165,171,41,43,82,63,42,65,Deccan Chargers,bat,Royal Challengers Bangalore
336003,"Punjab Cricket Association Stadium, Mohali",Kings XI Punjab,Kolkata Knight Riders,178,169,49,31,70,70,59,68,Kings XI Punjab,bat,Kings XI Punjab
336004,Dr DY Patil Sports Academy,Mumbai Indians,Delhi Daredevils,162,133,50,37,62,77,50,19,Delhi Daredevils,field,Mumbai Indians
336005,Sawai Mansingh Stadium,Rajasthan Royals,Chennai Super Kings,109,110,38,44,53,66,18,0,Chennai Super Kings,bat,Rajasthan Royals
336006,M Chinnaswamy Stadium,Royal Challengers Bangalore,Kings XI Punjab,126,127,26,52,71,57,29,18,Kings XI Punjab,field,Kings XI Punjab
336007,"MA Chidambaram Stadium, Chepauk",Chennai Super Kings,Deccan Chargers,144,148,34,50,52,65,58,33,Deccan Chargers,field,Deccan Chargers
336008,Dr DY Patil Sports Academy,Mumbai Indians,Rajasthan Royals,103,104,48,34,54,68,1,2,Mumbai Indians,field,Mumbai Indians
336009,Feroz Shah Kotla,Delhi Daredevils,Chennai Super Kings,187,188,50,62,83,80,54,46,Chennai Super Kings,field,Chennai Super Kings
336010,Eden Gardens,Kolkata Knight Riders,Royal Challengers Bangalore,129,124,41,35,74,76,14,13,Kolkata Knight Riders,bat,Kolkata Knight Riders
336011,Sawai Mansingh Stadium,Rajasthan Royals,Deccan Chargers,140,141,50,50,53,79,37,12,Rajasthan Royals,field,Rajasthan Royals
336012,M Chinnaswamy Stadium,Royal Challengers Bangalore,Mumbai Indians,122,126,36,39,56,78,30,9,Mumbai Indians,field,Mumbai Indians
336013,"MA Chidambaram Stadium, Chepauk",Chennai Super Kings,Kings XI Punjab,181,163,53,35,91,80,37,48,Kings XI Punjab,field,Chennai Super Kings
336014,"Rajiv Gandhi International Stadium, Uppal",Deccan Chargers,Kolkata Knight Riders,204,181,43,55,75,70,86,56,Kolkata Knight Riders,bat,Kolkata Knight Riders
336015,Sawai Mansingh Stadium,Rajasthan Royals,Delhi Daredevils,156,159,47,21,49,99,60,39,Rajasthan Royals,field,Rajasthan Royals
336016,"Punjab Cricket Association Stadium, Mohali",Kings XI Punjab,Royal Challengers Bangalore,143,144,50,42,52,99,41,3,Royal Challengers Bangalore,bat,Kings XI Punjab
336017,Eden Gardens,Kolkata Knight Riders,Delhi Daredevils,133,110,35,37,60,60,38,13,Kolkata Knight Riders,bat,Kolkata Knight Riders
336018,Wankhede Stadium,Mumbai Indians,Chennai Super Kings,156,158,28,78,61,80,67,0,Mumbai Indians,field,Mumbai Indians
336019,"Punjab Cricket Association Stadium, Mohali",Kings XI Punjab,Rajasthan Royals,221,180,51,38,93,102,77,40,Rajasthan Royals,field,Kings XI Punjab
336020,Feroz Shah Kotla,Delhi Daredevils,Deccan Chargers,194,182,48,71,90,57,56,54,Deccan Chargers,field,Delhi Daredevils
336021,Wankhede Stadium,Mumbai Indians,Kolkata Knight Riders,67,68,27,68,40,0,0,0,Mumbai Indians,field,Mumbai Indians
336022,Feroz Shah Kotla,Delhi Daredevils,Kings XI Punjab,118,94,68,73,50,21,0,0,Delhi Daredevils,bat,Kings XI Punjab
336023,Sawai Mansingh Stadium,Rajasthan Royals,Royal Challengers Bangalore,197,132,51,23,92,60,54,49,Royal Challengers Bangalore,field,Rajasthan Royals
336024,"Rajiv Gandhi International Stadium, Uppal",Deccan Chargers,Mumbai Indians,178,153,57,32,57,74,64,47,Deccan Chargers,field,Mumbai Indians
336025,Eden Gardens,Kolkata Knight Riders,Chennai Super Kings,149,55,35,43,66,12,48,0,Kolkata Knight Riders,bat,Chennai Super Kings
336026,M Chinnaswamy Stadium,Royal Challengers Bangalore,Delhi Daredevils,154,158,41,71,61,56,52,31,Delhi Daredevils,field,Delhi Daredevils
336027,Eden Gardens,Kolkata Knight Riders,Rajasthan Royals,147,150,32,42,70,86,45,22,Rajasthan Royals,field,Rajasthan Royals
336028,Wankhede Stadium,Mumbai Indians,Kings XI Punjab,189,188,43,68,91,76,55,44,Mumbai Indians,field,Kings XI Punjab
336029,"MA Chidambaram Stadium, Chepauk",Chennai Super Kings,Royal Challengers Bangalore,126,112,23,44,53,48,50,20,Royal Challengers Bangalore,bat,Royal Challengers Bangalore
336031,"Punjab Cricket Association Stadium, Mohali",Kings XI Punjab,Deccan Chargers,175,178,42,74,69,61,64,43,Kings XI Punjab,field,Kings XI Punjab
336032,Feroz Shah Kotla,Delhi Daredevils,Mumbai Indians,176,179,60,56,63,74,53,49,Delhi Daredevils,field,Delhi Daredevils
336033,"MA Chidambaram Stadium, Chepauk",Chennai Super Kings,Rajasthan Royals,211,201,67,65,100,92,44,44,Rajasthan Royals,bat,Rajasthan Royals
336034,M Chinnaswamy Stadium,Royal Challengers Bangalore,Deccan Chargers,156,153,46,33,68,79,42,41,Deccan Chargers,field,Royal Challengers Bangalore
336035,Eden Gardens,Kolkata Knight Riders,Kings XI Punjab,174,175,47,51,86,53,41,71,Kings XI Punjab,bat,Kolkata Knight Riders
336036,Sawai Mansingh Stadium,Rajasthan Royals,Mumbai Indians,145,146,29,36,68,54,48,56,Rajasthan Royals,field,Rajasthan Royals
336037,"Rajiv Gandhi International Stadium, Uppal",Deccan Chargers,Chennai Super Kings,147,148,26,44,67,70,54,34,Deccan Chargers,bat,Chennai Super Kings
336038,Wankhede Stadium,Delhi Daredevils,Rajasthan Royals,192,87,58,28,84,54,50,5,Delhi Daredevils,field,Rajasthan Royals
336039,Wankhede Stadium,Chennai Super Kings,Kings XI Punjab,112,116,35,35,33,81,44,0,Kings XI Punjab,bat,Chennai Super Kings
336040,Dr DY Patil Sports Academy,Chennai Super Kings,Rajasthan Royals,163,164,42,41,75,71,46,52,Rajasthan Royals,field,Rajasthan Royals
392181,Newlands,Chennai Super Kings,Mumbai Indians,165,146,40,40,65,68,60,38,Chennai Super Kings,field,Mumbai Indians
392182,Newlands,Royal Challengers Bangalore,Rajasthan Royals,133,58,29,14,58,44,46,0,Royal Challengers Bangalore,bat,Royal Challengers Bangalore
392183,Newlands,Delhi Daredevils,Kings XI Punjab,104,58,67,58,37,0,0,0,Delhi Daredevils,field,Delhi Daredevils
392184,Newlands,Deccan Chargers,Kolkata Knight Riders,101,104,21,37,43,67,37,0,Kolkata Knight Riders,bat,Deccan Chargers
392185,St George's Park,Royal Challengers Bangalore,Chennai Super Kings,179,87,68,46,67,39,44,2,Chennai Super Kings,bat,Chennai Super Kings
392186,Kingsmead,Kings XI Punjab,Kolkata Knight Riders,158,79,46,60,71,19,41,0,Kolkata Knight Riders,field,Kolkata Knight Riders
392188,Newlands,Royal Challengers Bangalore,Deccan Chargers,184,160,62,31,77,78,45,51,Deccan Chargers,bat,Deccan Chargers
392189,Kingsmead,Chennai Super Kings,Delhi Daredevils,189,180,59,61,64,87,66,32,Delhi Daredevils,bat,Delhi Daredevils
392190,Newlands,Kolkata Knight Riders,Rajasthan Royals,150,183,54,71,53,60,43,52,Kolkata Knight Riders,field,NA
392191,Kingsmead,Royal Challengers Bangalore,Kings XI Punjab,168,173,49,44,69,65,50,64,Royal Challengers Bangalore,bat,Kings XI Punjab
392192,Kingsmead,Deccan Chargers,Mumbai Indians,168,156,55,50,82,58,31,48,Deccan Chargers,bat,Deccan Chargers
392194,St George's Park,Royal Challengers Bangalore,Delhi Daredevils,149,150,45,43,55,56,49,51,Royal Challengers Bangalore,bat,Delhi Daredevils
392195,Newlands,Kings XI Punjab,Rajasthan Royals,139,112,38,32,60,50,41,30,Kings XI Punjab,bat,Kings XI Punjab
392196,Kingsmead,Chennai Super Kings,Deccan Chargers,165,169,62,69,51,60,52,40,Deccan Chargers,field,Deccan Chargers
392197,St George's Park,Kolkata Knight Riders,Mumbai Indians,187,95,61,47,90,48,36,0,Mumbai Indians,bat,Mumbai Indians
392198,SuperSport Park,Delhi Daredevils,Rajasthan Royals,143,147,42,33,59,63,42,51,Delhi Daredevils,bat,Rajasthan Royals
392199,Kingsmead,Royal Challengers Bangalore,Kolkata Knight Riders,139,143,45,46,49,52,45,45,Kolkata Knight Riders,bat,Royal Challengers Bangalore
392200,Kingsmead,Kings XI Punjab,Mumbai Indians,119,116,26,23,60,58,33,35,Kings XI Punjab,bat,Kings XI Punjab
392201,SuperSport Park,Deccan Chargers,Delhi Daredevils,148,150,37,41,81,60,30,49,Delhi Daredevils,field,Delhi Daredevils
392202,SuperSport Park,Chennai Super Kings,Rajasthan Royals,164,126,40,38,64,60,60,28,Rajasthan Royals,field,Chennai Super Kings
392203,Buffalo Park,Kolkata Knight Riders,Mumbai Indians,148,139,40,26,48,72,60,41,Mumbai Indians,bat,Mumbai Indians
392204,Kingsmead,Royal Challengers Bangalore,Kings XI Punjab,145,137,38,35,62,60,45,42,Royal Challengers Bangalore,bat,Royal Challengers Bangalore
392205,St George's Park,Deccan Chargers,Rajasthan Royals,141,142,39,30,63,68,39,44,Deccan Chargers,bat,Rajasthan Royals
392206,New Wanderers Stadium,Chennai Super Kings,Delhi Daredevils,163,145,53,49,77,71,33,25,Delhi Daredevils,field,Chennai Super Kings
392207,St George's Park,Kings XI Punjab,Kolkata Knight Riders,153,154,28,51,64,65,61,38,Kolkata Knight Riders,bat,Kings XI Punjab
392208,New Wanderers Stadium,Royal Challengers Bangalore,Mumbai Indians,149,150,25,51,61,71,63,28,Mumbai Indians,bat,Royal Challengers Bangalore
392209,Buffalo Park,Chennai Super Kings,Deccan Chargers,178,100,53,52,77,48,48,0,Chennai Super Kings,bat,Chennai Super Kings
392210,Kingsmead,Kings XI Punjab,Rajasthan Royals,211,133,57,29,79,67,75,37,Kings XI Punjab,field,Rajasthan Royals
392211,Kingsmead,Delhi Daredevils,Kolkata Knight Riders,154,157,54,57,49,57,51,43,Kolkata Knight Riders,bat,Delhi Daredevils
392212,SuperSport Park,Deccan Chargers,Mumbai Indians,145,126,37,41,62,59,46,26,Deccan Chargers,bat,Deccan Chargers
392213,SuperSport Park,Royal Challengers Bangalore,Rajasthan Royals,105,107,29,31,47,76,29,0,Rajasthan Royals,field,Rajasthan Royals
392214,SuperSport Park,Chennai Super Kings,Kings XI Punjab,185,174,57,53,88,95,40,26,Chennai Super Kings,bat,Chennai Super Kings
392215,Buffalo Park,Delhi Daredevils,Mumbai Indians,116,118,30,36,44,38,42,44,Mumbai Indians,bat,Delhi Daredevils
392216,De Beers Diamond Oval,Deccan Chargers,Kings XI Punjab,168,169,52,45,48,74,68,50,Kings XI Punjab,field,Kings XI Punjab
392217,De Beers Diamond Oval,Chennai Super Kings,Rajasthan Royals,140,141,34,37,65,60,41,44,Rajasthan Royals,bat,Chennai Super Kings
392218,St George's Park,Royal Challengers Bangalore,Mumbai Indians,157,141,46,39,58,61,53,41,Mumbai Indians,bat,Mumbai Indians
392219,New Wanderers Stadium,Delhi Daredevils,Kolkata Knight Riders,123,125,37,47,40,53,46,25,Delhi Daredevils,field,Delhi Daredevils
392220,De Beers Diamond Oval,Deccan Chargers,Rajasthan Royals,166,113,42,30,66,65,58,18,Deccan Chargers,bat,Deccan Chargers
392221,SuperSport Park,Royal Challengers Bangalore,Kolkata Knight Riders,173,176,38,46,64,73,71,57,Royal Challengers Bangalore,field,Royal Challengers Bangalore
392222,SuperSport Park,Kings XI Punjab,Mumbai Indians,119,122,51,42,41,71,27,9,Kings XI Punjab,bat,Mumbai Indians
392223,Kingsmead,Deccan Chargers,Delhi Daredevils,173,161,56,50,53,84,64,27,Deccan Chargers,field,Delhi Daredevils
392224,Kingsmead,Royal Challengers Bangalore,Chennai Super Kings,129,132,52,33,53,58,24,41,Chennai Super Kings,bat,Royal Challengers Bangalore
392225,Kingsmead,Mumbai Indians,Rajasthan Royals,145,143,42,26,81,72,22,45,Rajasthan Royals,bat,Rajasthan Royals
392226,OUTsurance Oval,Delhi Daredevils,Kings XI Punjab,120,123,38,37,59,49,23,37,Kings XI Punjab,field,Kings XI Punjab
392227,St George's Park,Chennai Super Kings,Mumbai Indians,147,151,49,35,47,67,51,49,Mumbai Indians,bat,Chennai Super Kings
392228,New Wanderers Stadium,Deccan Chargers,Kolkata Knight Riders,160,166,31,50,58,55,71,61,Deccan Chargers,field,Deccan Chargers
392229,New Wanderers Stadium,Deccan Chargers,Kings XI Punjab,134,133,39,46,55,40,40,47,Deccan Chargers,field,Kings XI Punjab
392230,OUTsurance Oval,Delhi Daredevils,Rajasthan Royals,150,136,35,24,60,69,55,43,Delhi Daredevils,bat,Delhi Daredevils
392231,SuperSport Park,Chennai Super Kings,Kolkata Knight Riders,188,189,54,56,69,75,65,58,Chennai Super Kings,bat,Kolkata Knight Riders
392232,New Wanderers Stadium,Royal Challengers Bangalore,Delhi Daredevils,134,135,37,27,52,75,45,33,Delhi Daredevils,bat,Royal Challengers Bangalore
392233,Kingsmead,Kolkata Knight Riders,Rajasthan Royals,101,102,46,29,33,36,22,37,Kolkata Knight Riders,field,Kolkata Knight Riders
392234,Kingsmead,Chennai Super Kings,Kings XI Punjab,116,92,50,29,46,30,20,33,Chennai Super Kings,bat,Chennai Super Kings
392235,SuperSport Park,Delhi Daredevils,Mumbai Indians,165,166,30,60,79,86,56,20,Delhi Daredevils,field,Delhi Daredevils
392236,SuperSport Park,Royal Challengers Bangalore,Deccan Chargers,170,158,33,64,83,55,54,39,Royal Challengers Bangalore,bat,Royal Challengers Bangalore
392237,SuperSport Park,Delhi Daredevils,Deccan Chargers,153,154,49,84,60,62,44,8,Deccan Chargers,field,Deccan Chargers
392238,New Wanderers Stadium,Royal Challengers Bangalore,Chennai Super Kings,146,149,52,59,55,51,39,39,Royal Challengers Bangalore,field,Royal Challengers Bangalore
392239,New Wanderers Stadium,Royal Challengers Bangalore,Deccan Chargers,143,137,31,36,70,67,42,34,Royal Challengers Bangalore,field,Deccan Chargers
419106,Dr DY Patil Sports Academy,Deccan Chargers,Kolkata Knight Riders,161,150,38,62,54,60,69,28,Deccan Chargers,field,Kolkata Knight Riders
419107,Brabourne Stadium,Mumbai Indians,Rajasthan Royals,212,208,69,39,90,104,53,65,Mumbai Indians,bat,Mumbai Indians
419108,"Punjab Cricket Association Stadium, Mohali",Kings XI Punjab,Delhi Daredevils,142,146,44,39,69,66,29,41,Delhi Daredevils,field,Delhi Daredevils
419109,Eden Gardens,Kolkata Knight Riders,Royal Challengers Bangalore,135,136,24,61,65,55,46,20,Kolkata Knight Riders,field,Kolkata Knight Riders
419110,"MA Chidambaram Stadium, Chepauk",Chennai Super Kings,Deccan Chargers,190,159,57,34,70,74,63,51,Deccan Chargers,bat,Deccan Chargers
419111,"Sardar Patel Stadium, Motera",Rajasthan Royals,Delhi Daredevils,141,142,47,60,44,71,50,11,Delhi Daredevils,field,Delhi Daredevils
419112,M Chinnaswamy Stadium,Royal Challengers Bangalore,Kings XI Punjab,203,204,50,61,83,88,70,55,Kings XI Punjab,bat,Royal Challengers Bangalore
419113,Eden Gardens,Kolkata Knight Riders,Chennai Super Kings,164,109,31,45,65,45,68,19,Chennai Super Kings,bat,Chennai Super Kings
419114,Feroz Shah Kotla,Delhi Daredevils,Mumbai Indians,218,120,67,56,98,63,53,1,Delhi Daredevils,field,Mumbai Indians
419115,M Chinnaswamy Stadium,Royal Challengers Bangalore,Rajasthan Royals,92,93,31,59,47,34,14,0,Royal Challengers Bangalore,field,Royal Challengers Bangalore
419116,Feroz Shah Kotla,Delhi Daredevils,Chennai Super Kings,185,190,52,56,87,97,46,37,Delhi Daredevils,bat,Chennai Super Kings
419117,Barabati Stadium,Deccan Chargers,Kings XI Punjab,170,164,56,27,69,71,45,66,Kings XI Punjab,field,Deccan Chargers
419118,"Sardar Patel Stadium, Motera",Rajasthan Royals,Kolkata Knight Riders,168,134,56,38,68,61,44,35,Rajasthan Royals,bat,Rajasthan Royals
419119,Brabourne Stadium,Mumbai Indians,Royal Challengers Bangalore,151,155,45,55,57,62,49,38,Mumbai Indians,bat,Royal Challengers Bangalore
419120,Barabati Stadium,Deccan Chargers,Delhi Daredevils,171,161,47,48,68,68,56,45,Deccan Chargers,bat,Deccan Chargers
419121,"MA Chidambaram Stadium, Chepauk",Chennai Super Kings,Kings XI Punjab,136,155,38,61,60,67,38,27,Chennai Super Kings,field,NA
419122,Brabourne Stadium,Mumbai Indians,Kolkata Knight Riders,155,156,41,57,61,65,53,34,Kolkata Knight Riders,bat,Mumbai Indians
419123,M Chinnaswamy Stadium,Royal Challengers Bangalore,Chennai Super Kings,171,135,38,29,66,66,67,40,Chennai Super Kings,field,Royal Challengers Bangalore
419124,"Punjab Cricket Association Stadium, Mohali",Kings XI Punjab,Rajasthan Royals,183,152,53,76,80,51,50,25,Kings XI Punjab,field,Rajasthan Royals
419125,"Brabourne Stadium, Mumbai",Chennai Super Kings,Mumbai Indians,180,181,51,63,75,70,54,48,Mumbai Indians,field,Mumbai Indians
419126,"Sardar Patel Stadium, Motera",Rajasthan Royals,Deccan Chargers,148,151,55,54,53,85,40,12,Deccan Chargers,bat,Rajasthan Royals
419127,"Punjab Cricket Association Stadium, Mohali",Kings XI Punjab,Kolkata Knight Riders,183,144,50,42,76,60,57,42,Kolkata Knight Riders,bat,Kolkata Knight Riders
419128,M Chinnaswamy Stadium,Royal Challengers Bangalore,Delhi Daredevils,183,166,64,46,64,75,55,45,Royal Challengers Bangalore,field,Delhi Daredevils
419129,"Sardar Patel Stadium, Motera",Rajasthan Royals,Chennai Super Kings,177,160,58,58,71,61,48,41,Rajasthan Royals,bat,Rajasthan Royals
419130,Dr DY Patil Sports Academy,Deccan Chargers,Mumbai Indians,172,131,52,50,48,72,72,9,Deccan Chargers,field,Mumbai Indians
419131,Feroz Shah Kotla,Delhi Daredevils,Kolkata Knight Riders,177,137,62,36,73,62,42,39,Delhi Daredevils,bat,Delhi Daredevils
419132,Brabourne Stadium,Mumbai Indians,Kings XI Punjab,163,164,48,45,70,73,45,46,Mumbai Indians,field,Mumbai Indians
419133,"MA Chidambaram Stadium, Chepauk",Chennai Super Kings,Royal Challengers Bangalore,161,162,52,56,65,69,44,37,Royal Challengers Bangalore,bat,Chennai Super Kings
419134,Feroz Shah Kotla,Delhi Daredevils,Rajasthan Royals,188,121,52,39,68,68,68,14,Delhi Daredevils,bat,Delhi Daredevils
419135,Eden Gardens,Kolkata Knight Riders,Deccan Chargers,181,157,46,59,70,66,65,32,Kolkata Knight Riders,bat,Kolkata Knight Riders
419136,"Punjab Cricket Association Stadium, Mohali",Kings XI Punjab,Royal Challengers Bangalore,181,184,41,51,78,71,62,62,Kings XI Punjab,bat,Royal Challengers Bangalore
419137,"MA Chidambaram Stadium, Chepauk",Chennai Super Kings,Rajasthan Royals,246,223,66,62,104,113,76,48,Chennai Super Kings,bat,Chennai Super Kings
419138,Brabourne Stadium,Mumbai Indians,Deccan Chargers,178,115,53,40,61,58,64,17,Mumbai Indians,bat,Mumbai Indians
419139,Eden Gardens,Kolkata Knight Riders,Kings XI Punjab,200,204,53,69,96,87,51,48,Kolkata Knight Riders,bat,Kings XI Punjab
419140,Feroz Shah Kotla,Delhi Daredevils,Royal Challengers Bangalore,184,147,54,38,71,73,59,36,Delhi Daredevils,bat,Delhi Daredevils
419141,"Vidarbha Cricket Association Stadium, Jamtha",Deccan Chargers,Rajasthan Royals,159,157,48,52,80,66,31,39,Rajasthan Royals,bat,Rajasthan Royals
419142,"MA Chidambaram Stadium, Chepauk",Chennai Super Kings,Mumbai Indians,165,141,42,46,82,46,41,49,Chennai Super Kings,bat,Chennai Super Kings
419143,Sawai Mansingh Stadium,Rajasthan Royals,Kings XI Punjab,153,157,52,70,74,87,27,0,Kings XI Punjab,bat,Rajasthan Royals
419144,Eden Gardens,Kolkata Knight Riders,Delhi Daredevils,181,167,50,44,76,91,55,32,Kolkata Knight Riders,bat,Kolkata Knight Riders
419145,M Chinnaswamy Stadium,Royal Challengers Bangalore,Deccan Chargers,184,186,46,32,61,93,77,61,Deccan Chargers,field,Deccan Chargers
419146,"Punjab Cricket Association Stadium, Mohali",Kings XI Punjab,Mumbai Indians,154,158,51,56,58,60,45,42,Mumbai Indians,bat,Kings XI Punjab
419147,"Vidarbha Cricket Association Stadium, Jamtha",Deccan Chargers,Chennai Super Kings,138,139,55,37,55,65,28,37,Chennai Super Kings,bat,Deccan Chargers
419148,M Chinnaswamy Stadium,Royal Challengers Bangalore,Kolkata Knight Riders,160,162,61,48,63,72,36,42,Royal Challengers Bangalore,field,Royal Challengers Bangalore
419149,Feroz Shah Kotla,Delhi Daredevils,Kings XI Punjab,111,112,45,39,36,49,30,24,Delhi Daredevils,bat,Kings XI Punjab
419150,Sawai Mansingh Stadium,Rajasthan Royals,Mumbai Indians,174,137,47,34,59,55,68,48,Rajasthan Royals,field,Mumbai Indians
419151,"Vidarbha Cricket Association Stadium, Jamtha",Deccan Chargers,Royal Challengers Bangalore,151,138,35,38,76,64,40,36,Royal Challengers Bangalore,field,Deccan Chargers
419152,Brabourne Stadium,Mumbai Indians,Delhi Daredevils,183,144,44,69,64,39,75,36,Mumbai Indians,bat,Mumbai Indians
419153,"MA Chidambaram Stadium, Chepauk",Chennai Super Kings,Kolkata Knight Riders,139,143,22,67,71,76,46,0,Kolkata Knight Riders,bat,Chennai Super Kings
419154,Sawai Mansingh Stadium,Rajasthan Royals,Royal Challengers Bangalore,130,132,30,59,57,65,43,8,Rajasthan Royals,bat,Royal Challengers Bangalore
419155,"MA Chidambaram Stadium, Chepauk",Chennai Super Kings,Delhi Daredevils,112,113,39,33,35,47,38,33,Chennai Super Kings,bat,Delhi Daredevils
419156,Himachal Pradesh Cricket Association Stadium,Kings XI Punjab,Deccan Chargers,174,178,43,45,55,86,76,47,Deccan Chargers,field,Deccan Chargers
419157,M Chinnaswamy Stadium,Royal Challengers Bangalore,Mumbai Indians,191,134,34,34,104,64,53,36,Royal Challengers Bangalore,field,Mumbai Indians
419158,Eden Gardens,Kolkata Knight Riders,Rajasthan Royals,132,133,46,42,55,76,31,15,Rajasthan Royals,bat,Kolkata Knight Riders
419159,Himachal Pradesh Cricket Association Stadium,Kings XI Punjab,Chennai Super Kings,192,195,49,49,82,81,61,65,Chennai Super Kings,field,Chennai Super Kings
419160,Feroz Shah Kotla,Delhi Daredevils,Deccan Chargers,145,134,38,39,79,47,28,48,Deccan Chargers,bat,Deccan Chargers
419161,Eden Gardens,Kolkata Knight Riders,Mumbai Indians,133,135,42,44,44,63,47,28,Mumbai Indians,bat,Kolkata Knight Riders
419162,Dr DY Patil Sports Academy,Royal Challengers Bangalore,Mumbai Indians,184,149,54,44,53,74,77,31,Mumbai Indians,bat,Mumbai Indians
419163,Dr DY Patil Sports Academy,Chennai Super Kings,Deccan Chargers,142,104,39,23,57,58,46,23,Chennai Super Kings,bat,Chennai Super Kings
419164,Dr DY Patil Sports Academy,Royal Challengers Bangalore,Deccan Chargers,82,86,27,33,51,53,4,0,Deccan Chargers,bat,Royal Challengers Bangalore
419165,Dr DY Patil Sports Academy,Chennai Super Kings,Mumbai Indians,168,146,40,33,68,68,60,45,Chennai Super Kings,bat,Chennai Super Kings
501198,"MA Chidambaram Stadium, Chepauk",Chennai Super Kings,Kolkata Knight Riders,153,151,45,52,62,59,46,40,Chennai Super Kings,bat,Chennai Super Kings
501199,"Rajiv Gandhi International Stadium, Uppal",Deccan Chargers,Rajasthan Royals,137,141,44,31,46,62,47,48,Rajasthan Royals,field,Rajasthan Royals
501200,Nehru Stadium,Kochi Tuskers Kerala,Royal Challengers Bangalore,161,162,61,48,63,70,37,44,Kochi Tuskers Kerala,bat,Royal Challengers Bangalore
501201,Feroz Shah Kotla,Delhi Daredevils,Mumbai Indians,95,99,38,31,49,54,8,14,Delhi Daredevils,bat,Mumbai Indians
501202,Dr DY Patil Sports Academy,Pune Warriors,Kings XI Punjab,112,113,36,44,32,69,44,0,Kings XI Punjab,bat,Pune Warriors
501203,Eden Gardens,Kolkata Knight Riders,Deccan Chargers,163,154,46,30,72,71,45,53,Kolkata Knight Riders,bat,Kolkata Knight Riders
501204,Sawai Mansingh Stadium,Rajasthan Royals,Delhi Daredevils,151,152,30,57,59,64,62,31,Delhi Daredevils,bat,Rajasthan Royals
501205,M Chinnaswamy Stadium,Royal Challengers Bangalore,Mumbai Indians,140,143,24,40,67,76,49,27,Mumbai Indians,field,Mumbai Indians
501206,"Punjab Cricket Association Stadium, Mohali",Kings XI Punjab,Chennai Super Kings,188,193,31,65,95,73,62,55,Kings XI Punjab,field,Kings XI Punjab
501207,Dr DY Patil Sports Academy,Pune Warriors,Kochi Tuskers Kerala,148,151,37,44,74,71,37,36,Kochi Tuskers Kerala,bat,Pune Warriors
501208,"Rajiv Gandhi International Stadium, Uppal",Deccan Chargers,Royal Challengers Bangalore,175,142,41,28,73,64,61,50,Royal Challengers Bangalore,field,Deccan Chargers
501209,Sawai Mansingh Stadium,Rajasthan Royals,Kolkata Knight Riders,159,160,31,62,71,68,57,30,Kolkata Knight Riders,field,Kolkata Knight Riders
501210,Wankhede Stadium,Mumbai Indians,Kochi Tuskers Kerala,182,184,44,50,81,84,57,50,Kochi Tuskers Kerala,field,Kochi Tuskers Kerala
501211,"MA Chidambaram Stadium, Chepauk",Chennai Super Kings,Royal Challengers Bangalore,183,162,45,33,81,79,57,50,Chennai Super Kings,bat,Chennai Super Kings
501212,"Rajiv Gandhi International Stadium, Uppal",Deccan Chargers,Kings XI Punjab,165,166,48,62,65,77,52,27,Kings XI Punjab,field,Kings XI Punjab
501213,Dr DY Patil Sports Academy,Pune Warriors,Delhi Daredevils,187,190,63,67,65,61,59,62,Delhi Daredevils,field,Delhi Daredevils
501214,Eden Gardens,Kolkata Knight Riders,Rajasthan Royals,81,85,36,26,44,59,1,0,Kolkata Knight Riders,field,Kolkata Knight Riders
501215,Nehru Stadium,Kochi Tuskers Kerala,Chennai Super Kings,131,135,42,49,67,86,22,0,Kochi Tuskers Kerala,field,Kochi Tuskers Kerala
501216,Feroz Shah Kotla,Delhi Daredevils,Deccan Chargers,168,152,43,38,86,69,39,45,Deccan Chargers,bat,Deccan Chargers
501218,Wankhede Stadium,Mumbai Indians,Pune Warriors,118,124,33,32,67,57,18,35,Pune Warriors,bat,Mumbai Indians
501219,Eden Gardens,Kolkata Knight Riders,Kochi Tuskers Kerala,132,126,45,37,55,49,32,40,Kolkata Knight Riders,field,Kochi Tuskers Kerala
501220,"Punjab Cricket Association Stadium, Mohali",Kings XI Punjab,Rajasthan Royals,195,147,77,45,92,68,26,34,Rajasthan Royals,field,Kings XI Punjab
501221,Wankhede Stadium,Mumbai Indians,Chennai Super Kings,164,156,40,44,67,75,57,37,Chennai Super Kings,field,Mumbai Indians
501222,Eden Gardens,Kolkata Knight Riders,Royal Challengers Bangalore,171,175,50,57,64,95,57,23,Royal Challengers Bangalore,field,Royal Challengers Bangalore
501223,Feroz Shah Kotla,Delhi Daredevils,Kings XI Punjab,231,202,70,46,103,101,58,55,Kings XI Punjab,field,Delhi Daredevils
501224,"Rajiv Gandhi International Stadium, Uppal",Deccan Chargers,Mumbai Indians,172,135,57,41,45,59,70,35,Deccan Chargers,field,Mumbai Indians
501225,Sawai Mansingh Stadium,Rajasthan Royals,Kochi Tuskers Kerala,109,111,32,38,56,73,21,0,Rajasthan Royals,field,Rajasthan Royals
501226,"MA Chidambaram Stadium, Chepauk",Chennai Super Kings,Pune Warriors,142,117,45,40,54,53,43,24,Pune Warriors,field,Chennai Super Kings
501227,Feroz Shah Kotla,Delhi Daredevils,Royal Challengers Bangalore,160,161,42,65,73,52,45,44,Royal Challengers Bangalore,field,Royal Challengers Bangalore
501228,Dr DY Patil Sports Academy,Pune Warriors,Chennai Super Kings,141,145,37,28,54,76,50,41,Pune Warriors,bat,Chennai Super Kings
501229,Nehru Stadium,Kochi Tuskers Kerala,Deccan Chargers,129,74,20,29,70,44,39,1,Kochi Tuskers Kerala,field,Deccan Chargers
501230,Feroz Shah Kotla,Delhi Daredevils,Kolkata Knight Riders,148,131,42,41,63,45,43,45,Delhi Daredevils,field,Kolkata Knight Riders
501231,Sawai Mansingh Stadium,Rajasthan Royals,Mumbai Indians,94,95,31,18,36,55,27,22,Rajasthan Royals,field,Rajasthan Royals
501232,M Chinnaswamy Stadium,Royal Challengers Bangalore,Pune Warriors,181,155,57,42,61,66,63,47,Pune Warriors,field,Royal Challengers Bangalore
501233,Nehru Stadium,Kochi Tuskers Kerala,Delhi Daredevils,157,119,34,37,60,55,63,27,Delhi Daredevils,bat,Delhi Daredevils
501234,Eden Gardens,Kolkata Knight Riders,Kings XI Punjab,119,120,40,45,46,57,33,18,Kolkata Knight Riders,field,Kolkata Knight Riders
501235,Sawai Mansingh Stadium,Rajasthan Royals,Pune Warriors,143,144,49,34,53,58,41,52,Rajasthan Royals,field,Rajasthan Royals
501236,"MA Chidambaram Stadium, Chepauk",Chennai Super Kings,Deccan Chargers,165,146,34,64,62,54,69,28,Chennai Super Kings,bat,Chennai Super Kings
501237,Wankhede Stadium,Mumbai Indians,Kings XI Punjab,159,136,35,24,79,77,45,35,Kings XI Punjab,field,Mumbai Indians
501238,Feroz Shah Kotla,Delhi Daredevils,Kochi Tuskers Kerala,140,141,42,67,56,74,42,0,Kochi Tuskers Kerala,field,Kochi Tuskers Kerala
501239,"Rajiv Gandhi International Stadium, Uppal",Deccan Chargers,Kolkata Knight Riders,169,149,41,41,69,67,59,41,Deccan Chargers,field,Kolkata Knight Riders
501240,"MA Chidambaram Stadium, Chepauk",Chennai Super Kings,Rajasthan Royals,147,149,47,43,66,75,34,31,Rajasthan Royals,bat,Chennai Super Kings
501241,Dr DY Patil Sports Academy,Pune Warriors,Mumbai Indians,160,139,49,31,48,59,63,49,Pune Warriors,field,Mumbai Indians
501242,Nehru Stadium,Kochi Tuskers Kerala,Kolkata Knight Riders,156,139,35,43,63,57,58,39,Kolkata Knight Riders,field,Kochi Tuskers Kerala
501243,"Rajiv Gandhi International Stadium, Uppal",Deccan Chargers,Delhi Daredevils,175,179,43,29,82,120,50,30,Delhi Daredevils,field,Delhi Daredevils
501244,M Chinnaswamy Stadium,Royal Challengers Bangalore,Kings XI Punjab,205,120,48,38,107,51,50,31,Kings XI Punjab,field,Royal Challengers Bangalore
501245,Eden Gardens,Kolkata Knight Riders,Chennai Super Kings,114,61,15,33,62,28,37,0,Chennai Super Kings,bat,Kolkata Knight Riders
501246,Wankhede Stadium,Mumbai Indians,Delhi Daredevils,178,146,50,23,79,76,49,47,Delhi Daredevils,field,Mumbai Indians
501247,M Chinnaswamy Stadium,Royal Challengers Bangalore,Kochi Tuskers Kerala,125,128,49,79,48,49,28,0,Kochi Tuskers Kerala,bat,Royal Challengers Bangalore
501248,"Punjab Cricket Association Stadium, Mohali",Kings XI Punjab,Pune Warriors,119,120,34,40,62,74,23,6,Kings XI Punjab,bat,Pune Warriors
501249,Sawai Mansingh Stadium,Rajasthan Royals,Chennai Super Kings,196,133,55,48,81,66,60,19,Rajasthan Royals,field,Chennai Super Kings
501250,"Rajiv Gandhi International Stadium, Uppal",Deccan Chargers,Pune Warriors,136,137,50,52,50,60,36,25,Deccan Chargers,bat,Pune Warriors
501251,"Punjab Cricket Association Stadium, Mohali",Kings XI Punjab,Mumbai Indians,163,87,39,33,85,54,39,0,Mumbai Indians,field,Kings XI Punjab
501252,Sawai Mansingh Stadium,Rajasthan Royals,Royal Challengers Bangalore,146,151,43,66,69,60,34,25,Royal Challengers Bangalore,field,Royal Challengers Bangalore
501253,"MA Chidambaram Stadium, Chepauk",Chennai Super Kings,Delhi Daredevils,176,158,42,52,63,55,71,51,Chennai Super Kings,bat,Chennai Super Kings
501254,Holkar Cricket Stadium,Kochi Tuskers Kerala,Kings XI Punjab,178,181,62,49,68,96,48,36,Kings XI Punjab,field,Kings XI Punjab
501255,M Chinnaswamy Stadium,Royal Challengers Bangalore,Kolkata Knight Riders,89,105,33,65,56,40,0,0,Royal Challengers Bangalore,field,Royal Challengers Bangalore
501256,Wankhede Stadium,Mumbai Indians,Deccan Chargers,135,125,32,26,50,50,53,49,Deccan Chargers,bat,Deccan Chargers
501257,Himachal Pradesh Cricket Association Stadium,Kings XI Punjab,Delhi Daredevils,170,141,43,42,83,55,44,44,Delhi Daredevils,field,Kings XI Punjab
501258,Holkar Cricket Stadium,Kochi Tuskers Kerala,Rajasthan Royals,97,98,32,87,55,11,10,0,Kochi Tuskers Kerala,field,Kochi Tuskers Kerala
501259,Dr DY Patil Sports Academy,Pune Warriors,Deccan Chargers,136,138,39,57,53,51,44,30,Deccan Chargers,field,Deccan Chargers
501260,Himachal Pradesh Cricket Association Stadium,Kings XI Punjab,Royal Challengers Bangalore,232,121,30,34,143,63,59,24,Kings XI Punjab,bat,Kings XI Punjab
501261,"MA Chidambaram Stadium, Chepauk",Chennai Super Kings,Kochi Tuskers Kerala,152,141,41,40,60,50,51,51,Chennai Super Kings,bat,Chennai Super Kings
501262,Dr DY Patil Sports Academy,Pune Warriors,Kolkata Knight Riders,118,119,29,44,52,70,37,5,Kolkata Knight Riders,field,Kolkata Knight Riders
501263,Wankhede Stadium,Mumbai Indians,Rajasthan Royals,133,134,26,52,68,82,39,0,Mumbai Indians,bat,Rajasthan Royals
501264,Himachal Pradesh Cricket Association Stadium,Kings XI Punjab,Deccan Chargers,198,116,58,45,89,54,51,17,Kings XI Punjab,field,Deccan Chargers
501265,Feroz Shah Kotla,Delhi Daredevils,Pune Warriors,56,0,33,0,23,0,0,0,Delhi Daredevils,bat,NA
501266,M Chinnaswamy Stadium,Royal Challengers Bangalore,Chennai Super Kings,128,129,23,44,56,60,49,25,Royal Challengers Bangalore,field,Royal Challengers Bangalore
501267,Eden Gardens,Kolkata Knight Riders,Mumbai Indians,175,178,46,54,75,56,54,68,Mumbai Indians,field,Mumbai Indians
501268,Wankhede Stadium,Royal Challengers Bangalore,Chennai Super Kings,175,177,44,25,78,85,53,67,Chennai Super Kings,field,Chennai Super Kings
501269,Wankhede Stadium,Mumbai Indians,Kolkata Knight Riders,147,148,25,62,77,58,45,28,Mumbai Indians,field,Mumbai Indians
501270,"MA Chidambaram Stadium, Chepauk",Royal Challengers Bangalore,Mumbai Indians,185,142,68,52,82,51,35,39,Mumbai Indians,field,Royal Challengers Bangalore
501271,"MA Chidambaram Stadium, Chepauk",Chennai Super Kings,Royal Challengers Bangalore,205,147,56,47,105,60,44,40,Chennai Super Kings,bat,Chennai Super Kings
548306,"MA Chidambaram Stadium, Chepauk",Chennai Super Kings,Mumbai Indians,112,115,42,53,53,47,17,15,Mumbai Indians,field,Mumbai Indians
548307,Eden Gardens,Kolkata Knight Riders,Delhi Daredevils,97,100,46,48,51,52,0,0,Delhi Daredevils,field,Delhi Daredevils
548308,Wankhede Stadium,Mumbai Indians,Pune Warriors,129,101,30,27,61,47,38,27,Mumbai Indians,field,Pune Warriors
548309,Sawai Mansingh Stadium,Rajasthan Royals,Kings XI Punjab,191,160,57,45,70,72,64,43,Kings XI Punjab,field,Rajasthan Royals
548310,M Chinnaswamy Stadium,Royal Challengers Bangalore,Delhi Daredevils,157,137,46,46,62,45,49,46,Delhi Daredevils,field,Royal Challengers Bangalore
548311,Dr. Y.S. Rajasekhara Reddy ACA-VDCA Cricket Stadium,Deccan Chargers,Chennai Super Kings,193,119,44,45,77,56,72,18,Deccan Chargers,field,Chennai Super Kings
548312,Sawai Mansingh Stadium,Rajasthan Royals,Kolkata Knight Riders,164,142,37,27,79,67,48,48,Kolkata Knight Riders,field,Rajasthan Royals
548313,Subrata Roy Sahara Stadium,Pune Warriors,Kings XI Punjab,166,144,38,19,75,80,53,45,Pune Warriors,bat,Pune Warriors
548314,Dr. Y.S. Rajasekhara Reddy ACA-VDCA Cricket Stadium,Deccan Chargers,Mumbai Indians,138,142,45,29,51,56,42,57,Deccan Chargers,bat,Mumbai Indians
548315,M Chinnaswamy Stadium,Royal Challengers Bangalore,Kolkata Knight Riders,165,123,60,20,68,61,37,42,Royal Challengers Bangalore,field,Kolkata Knight Riders
548316,Feroz Shah Kotla,Delhi Daredevils,Chennai Super Kings,110,111,41,50,39,61,30,0,Delhi Daredevils,field,Delhi Daredevils
548317,Wankhede Stadium,Mumbai Indians,Rajasthan Royals,197,170,54,44,83,92,60,34,Rajasthan Royals,field,Mumbai Indians
548318,"MA Chidambaram Stadium, Chepauk",Chennai Super Kings,Royal Challengers Bangalore,205,208,56,52,93,79,56,77,Royal Challengers Bangalore,bat,Chennai Super Kings
548319,"Punjab Cricket Association Stadium, Mohali",Kings XI Punjab,Pune Warriors,115,116,29,38,67,50,19,28,Kings XI Punjab,field,Kings XI Punjab
548320,Eden Gardens,Kolkata Knight Riders,Rajasthan Royals,131,137,45,36,40,59,46,42,Rajasthan Royals,bat,Kolkata Knight Riders
548321,Feroz Shah Kotla,Delhi Daredevils,Deccan Chargers,157,162,50,34,70,81,37,47,Deccan Chargers,bat,Delhi Daredevils
548322,Subrata Roy Sahara Stadium,Pune Warriors,Chennai Super Kings,155,156,43,56,71,50,41,50,Chennai Super Kings,bat,Pune Warriors
548323,Eden Gardens,Kolkata Knight Riders,Kings XI Punjab,134,132,26,48,61,46,47,38,Kolkata Knight Riders,field,Kings XI Punjab
548324,M Chinnaswamy Stadium,Royal Challengers Bangalore,Rajasthan Royals,195,136,43,54,70,51,82,31,Rajasthan Royals,bat,Rajasthan Royals
548325,Wankhede Stadium,Mumbai Indians,Delhi Daredevils,92,93,23,41,56,52,13,0,Delhi Daredevils,field,Delhi Daredevils
548326,Sawai Mansingh Stadium,Rajasthan Royals,Deccan Chargers,196,197,57,62,62,72,77,63,Deccan Chargers,bat,Rajasthan Royals
548327,M Chinnaswamy Stadium,Royal Challengers Bangalore,Pune Warriors,182,186,58,42,76,75,48,69,Pune Warriors,bat,Royal Challengers Bangalore
548328,"Punjab Cricket Association Stadium, Mohali",Kings XI Punjab,Kolkata Knight Riders,124,127,45,53,44,54,35,20,Kings XI Punjab,bat,Kolkata Knight Riders
548329,"Rajiv Gandhi International Stadium, Uppal",Deccan Chargers,Delhi Daredevils,187,193,33,64,94,103,60,26,Deccan Chargers,bat,Delhi Daredevils
548330,"MA Chidambaram Stadium, Chepauk",Chennai Super Kings,Pune Warriors,164,151,42,53,73,54,49,44,Pune Warriors,field,Chennai Super Kings
548331,"Punjab Cricket Association Stadium, Mohali",Kings XI Punjab,Royal Challengers Bangalore,163,166,41,36,64,80,58,50,Royal Challengers Bangalore,field,Royal Challengers Bangalore
548332,"MA Chidambaram Stadium, Chepauk",Chennai Super Kings,Rajasthan Royals,146,147,41,45,66,59,39,43,Rajasthan Royals,bat,Chennai Super Kings
548333,Feroz Shah Kotla,Delhi Daredevils,Pune Warriors,192,172,52,49,73,82,67,41,Delhi Daredevils,field,Pune Warriors
548334,Wankhede Stadium,Mumbai Indians,Kings XI Punjab,163,164,39,48,90,71,34,45,Mumbai Indians,bat,Kings XI Punjab
548335,Barabati Stadium,Deccan Chargers,Kolkata Knight Riders,126,127,39,42,59,55,28,30,Kolkata Knight Riders,field,Kolkata Knight Riders
548336,Sawai Mansingh Stadium,Rajasthan Royals,Royal Challengers Bangalore,189,143,37,48,70,55,82,40,Rajasthan Royals,field,Royal Challengers Bangalore
548337,Subrata Roy Sahara Stadium,Pune Warriors,Delhi Daredevils,146,148,28,61,67,73,51,14,Pune Warriors,bat,Delhi Daredevils
548339,"Punjab Cricket Association Stadium, Mohali",Kings XI Punjab,Mumbai Indians,168,171,44,40,56,66,68,65,Kings XI Punjab,bat,Mumbai Indians
548341,Subrata Roy Sahara Stadium,Pune Warriors,Deccan Chargers,177,159,50,44,72,57,55,58,Deccan Chargers,bat,Deccan Chargers
548342,Feroz Shah Kotla,Delhi Daredevils,Mumbai Indians,207,170,54,49,99,90,54,31,Mumbai Indians,field,Delhi Daredevils
548343,"MA Chidambaram Stadium, Chepauk",Chennai Super Kings,Kings XI Punjab,156,149,43,48,78,51,35,50,Kings XI Punjab,bat,Kings XI Punjab
548344,Eden Gardens,Kolkata Knight Riders,Royal Challengers Bangalore,190,143,46,35,88,52,56,56,Kolkata Knight Riders,bat,Kolkata Knight Riders
548345,Feroz Shah Kotla,Delhi Daredevils,Rajasthan Royals,152,151,42,40,63,68,47,43,Delhi Daredevils,bat,Delhi Daredevils
548346,Wankhede Stadium,Mumbai Indians,Deccan Chargers,100,101,38,31,44,46,18,24,Mumbai Indians,field,Mumbai Indians
548347,"MA Chidambaram Stadium, Chepauk",Chennai Super Kings,Kolkata Knight Riders,139,140,43,37,55,66,41,37,Chennai Super Kings,bat,Kolkata Knight Riders
548348,Barabati Stadium,Deccan Chargers,Pune Warriors,186,173,33,48,77,68,76,57,Deccan Chargers,bat,Deccan Chargers
548349,Sawai Mansingh Stadium,Rajasthan Royals,Delhi Daredevils,141,144,56,61,48,73,37,10,Rajasthan Royals,bat,Delhi Daredevils
548350,M Chinnaswamy Stadium,Royal Challengers Bangalore,Kings XI Punjab,158,163,33,53,89,79,36,31,Kings XI Punjab,field,Kings XI Punjab
548351,Subrata Roy Sahara Stadium,Pune Warriors,Mumbai Indians,120,119,42,37,50,39,28,43,Mumbai Indians,bat,Mumbai Indians
548352,"MA Chidambaram Stadium, Chepauk",Chennai Super Kings,Deccan Chargers,160,150,56,47,68,55,36,48,Chennai Super Kings,bat,Chennai Super Kings
548353,Eden Gardens,Kolkata Knight Riders,Pune Warriors,150,143,68,45,53,64,29,34,Kolkata Knight Riders,bat,Kolkata Knight Riders
548354,"Punjab Cricket Association Stadium, Mohali",Kings XI Punjab,Rajasthan Royals,177,134,64,33,62,64,51,37,Rajasthan Royals,bat,Rajasthan Royals
548355,Wankhede Stadium,Mumbai Indians,Chennai Super Kings,173,174,52,46,71,85,50,43,Mumbai Indians,field,Mumbai Indians
548356,M Chinnaswamy Stadium,Royal Challengers Bangalore,Deccan Chargers,181,185,46,46,71,67,64,72,Royal Challengers Bangalore,field,Royal Challengers Bangalore
548357,Feroz Shah Kotla,Delhi Daredevils,Kolkata Knight Riders,153,154,50,60,58,68,45,26,Delhi Daredevils,bat,Kolkata Knight Riders
548358,Subrata Roy Sahara Stadium,Pune Warriors,Rajasthan Royals,125,126,35,49,56,63,34,14,Pune Warriors,bat,Rajasthan Royals
548359,"Rajiv Gandhi International Stadium, Uppal",Deccan Chargers,Kings XI Punjab,170,145,51,40,78,59,41,46,Deccan Chargers,field,Kings XI Punjab
548360,Wankhede Stadium,Mumbai Indians,Royal Challengers Bangalore,141,142,25,35,70,76,46,31,Royal Challengers Bangalore,field,Royal Challengers Bangalore
548361,Sawai Mansingh Stadium,Rajasthan Royals,Chennai Super Kings,126,127,28,36,61,41,37,50,Chennai Super Kings,field,Chennai Super Kings
548362,Subrata Roy Sahara Stadium,Pune Warriors,Royal Challengers Bangalore,173,138,66,50,63,55,44,33,Pune Warriors,field,Royal Challengers Bangalore
548363,Eden Gardens,Kolkata Knight Riders,Mumbai Indians,182,155,49,32,83,74,50,49,Mumbai Indians,bat,Mumbai Indians
548364,"MA Chidambaram Stadium, Chepauk",Chennai Super Kings,Delhi Daredevils,114,115,27,45,51,67,36,3,Chennai Super Kings,field,Chennai Super Kings
548365,Sawai Mansingh Stadium,Rajasthan Royals,Pune Warriors,170,125,45,33,81,64,44,28,Rajasthan Royals,bat,Rajasthan Royals
548366,"Punjab Cricket Association Stadium, Mohali",Kings XI Punjab,Deccan Chargers,190,194,47,44,79,86,64,64,Deccan Chargers,bat,Kings XI Punjab
548367,M Chinnaswamy Stadium,Royal Challengers Bangalore,Mumbai Indians,171,173,40,32,67,74,64,67,Mumbai Indians,field,Mumbai Indians
548368,Eden Gardens,Kolkata Knight Riders,Chennai Super Kings,158,160,50,51,62,64,46,45,Chennai Super Kings,field,Chennai Super Kings
548369,Feroz Shah Kotla,Delhi Daredevils,Kings XI Punjab,136,140,47,37,52,66,37,37,Kings XI Punjab,bat,Delhi Daredevils
548370,Wankhede Stadium,Mumbai Indians,Kolkata Knight Riders,140,108,32,26,62,54,46,28,Mumbai Indians,field,Kolkata Knight Riders
548371,Himachal Pradesh Cricket Association Stadium,Kings XI Punjab,Chennai Super Kings,120,123,25,43,52,71,43,9,Kings XI Punjab,field,Kings XI Punjab
548372,Feroz Shah Kotla,Delhi Daredevils,Royal Challengers Bangalore,215,194,42,51,95,98,78,45,Delhi Daredevils,field,Royal Challengers Bangalore
548373,"Rajiv Gandhi International Stadium, Uppal",Deccan Chargers,Rajasthan Royals,126,128,41,58,52,41,33,29,Rajasthan Royals,bat,Deccan Chargers
548374,Himachal Pradesh Cricket Association Stadium,Kings XI Punjab,Delhi Daredevils,141,145,20,44,64,74,57,27,Delhi Daredevils,field,Delhi Daredevils
548375,Subrata Roy Sahara Stadium,Pune Warriors,Kolkata Knight Riders,136,102,27,40,74,42,35,20,Kolkata Knight Riders,bat,Kolkata Knight Riders
548376,"Rajiv Gandhi International Stadium, Uppal",Deccan Chargers,Royal Challengers Bangalore,132,123,23,40,52,49,57,34,Royal Challengers Bangalore,field,Deccan Chargers
548377,Sawai Mansingh Stadium,Rajasthan Royals,Mumbai Indians,162,163,31,44,75,96,56,23,Rajasthan Royals,bat,Mumbai Indians
548378,Subrata Roy Sahara Stadium,Delhi Daredevils,Kolkata Knight Riders,162,144,48,49,51,60,63,35,Kolkata Knight Riders,bat,Kolkata Knight Riders
548379,M Chinnaswamy Stadium,Chennai Super Kings,Mumbai Indians,187,149,30,54,84,58,73,37,Mumbai Indians,field,Chennai Super Kings
548380,"MA Chidambaram Stadium, Chepauk",Delhi Daredevils,Chennai Super Kings,222,136,52,46,110,82,60,8,Delhi Daredevils,field,Chennai Super Kings
548381,"MA Chidambaram Stadium, Chepauk",Kolkata Knight Riders,Chennai Super Kings,190,192,54,56,82,85,54,51,Chennai Super Kings,bat,Kolkata Knight Riders
597998,Eden Gardens,Kolkata Knight Riders,Delhi Daredevils,128,129,45,46,51,54,32,29,Kolkata Knight Riders,field,Kolkata Knight Riders
597999,M Chinnaswamy Stadium,Royal Challengers Bangalore,Mumbai Indians,156,154,31,38,69,58,56,58,Mumbai Indians,field,Royal Challengers Bangalore
598000,"Rajiv Gandhi International Stadium, Uppal",Sunrisers Hyderabad,Pune Warriors,126,104,38,27,49,51,39,26,Pune Warriors,field,Sunrisers Hyderabad
598001,Feroz Shah Kotla,Delhi Daredevils,Rajasthan Royals,165,160,45,39,82,81,38,40,Rajasthan Royals,bat,Rajasthan Royals
598002,"MA Chidambaram Stadium, Chepauk",Chennai Super Kings,Mumbai Indians,148,139,41,36,55,57,52,46,Mumbai Indians,bat,Mumbai Indians
598003,Subrata Roy Sahara Stadium,Pune Warriors,Kings XI Punjab,99,100,24,56,40,44,35,0,Pune Warriors,bat,Kings XI Punjab
598004,"Rajiv Gandhi International Stadium, Uppal",Sunrisers Hyderabad,Royal Challengers Bangalore,130,165,40,72,54,54,36,39,Royal Challengers Bangalore,bat,NA
598005,Sawai Mansingh Stadium,Rajasthan Royals,Kolkata Knight Riders,144,125,35,40,65,59,44,26,Kolkata Knight Riders,field,Rajasthan Royals
598006,Wankhede Stadium,Mumbai Indians,Delhi Daredevils,209,165,38,46,100,80,71,39,Mumbai Indians,bat,Mumbai Indians
598007,"Punjab Cricket Association Stadium, Mohali",Kings XI Punjab,Chennai Super Kings,138,139,43,38,73,65,22,36,Chennai Super Kings,field,Chennai Super Kings
598008,M Chinnaswamy Stadium,Royal Challengers Bangalore,Kolkata Knight Riders,154,158,44,43,69,74,41,41,Royal Challengers Bangalore,field,Royal Challengers Bangalore
598009,Subrata Roy Sahara Stadium,Pune Warriors,Rajasthan Royals,145,148,44,64,58,53,43,31,Rajasthan Royals,bat,Pune Warriors
598010,Feroz Shah Kotla,Delhi Daredevils,Sunrisers Hyderabad,114,115,29,38,43,38,42,39,Delhi Daredevils,bat,Sunrisers Hyderabad
598011,Wankhede Stadium,Mumbai Indians,Pune Warriors,183,142,48,40,67,78,68,24,Mumbai Indians,bat,Mumbai Indians
598012,"MA Chidambaram Stadium, Chepauk",Chennai Super Kings,Royal Challengers Bangalore,165,166,33,31,82,70,50,65,Chennai Super Kings,field,Chennai Super Kings
598013,Eden Gardens,Kolkata Knight Riders,Sunrisers Hyderabad,180,132,48,39,61,65,71,28,Kolkata Knight Riders,bat,Kolkata Knight Riders
598014,Sawai Mansingh Stadium,Rajasthan Royals,Kings XI Punjab,124,126,34,48,54,46,36,32,Rajasthan Royals,field,Rajasthan Royals
598015,"MA Chidambaram Stadium, Chepauk",Chennai Super Kings,Pune Warriors,159,135,48,38,58,61,53,36,Pune Warriors,bat,Pune Warriors
598016,"Punjab Cricket Association Stadium, Mohali",Kings XI Punjab,Kolkata Knight Riders,157,153,35,45,64,71,58,37,Kolkata Knight Riders,field,Kings XI Punjab
598017,M Chinnaswamy Stadium,Royal Challengers Bangalore,Delhi Daredevils,152,178,43,74,51,78,58,26,Royal Challengers Bangalore,field,NA
598018,Maharashtra Cricket Association Stadium,Pune Warriors,Sunrisers Hyderabad,119,108,25,41,50,46,44,21,Pune Warriors,field,Sunrisers Hyderabad
598019,Sawai Mansingh Stadium,Rajasthan Royals,Mumbai Indians,179,92,58,26,67,45,54,21,Rajasthan Royals,bat,Rajasthan Royals
598020,Feroz Shah Kotla,Delhi Daredevils,Chennai Super Kings,169,83,39,32,77,48,53,3,Chennai Super Kings,bat,Chennai Super Kings
598021,"Rajiv Gandhi International Stadium, Uppal",Sunrisers Hyderabad,Kings XI Punjab,123,127,36,33,56,54,31,40,Kings XI Punjab,bat,Sunrisers Hyderabad
598022,Eden Gardens,Kolkata Knight Riders,Chennai Super Kings,119,124,47,27,42,43,30,54,Kolkata Knight Riders,bat,Chennai Super Kings
598023,M Chinnaswamy Stadium,Royal Challengers Bangalore,Rajasthan Royals,117,123,31,48,70,50,16,25,Royal Challengers Bangalore,field,Royal Challengers Bangalore
598024,Feroz Shah Kotla,Delhi Daredevils,Mumbai Indians,161,165,24,60,83,84,54,21,Mumbai Indians,bat,Delhi Daredevils
598025,"Punjab Cricket Association Stadium, Mohali",Kings XI Punjab,Pune Warriors,185,186,48,55,76,74,61,57,Kings XI Punjab,field,Kings XI Punjab
598026,"MA Chidambaram Stadium, Chepauk",Chennai Super Kings,Rajasthan Royals,185,186,55,58,76,82,54,46,Rajasthan Royals,bat,Chennai Super Kings
598027,M Chinnaswamy Stadium,Royal Challengers Bangalore,Pune Warriors,263,133,62,43,134,68,67,22,Pune Warriors,field,Royal Challengers Bangalore
598028,Himachal Pradesh Cricket Association Stadium,Kings XI Punjab,Delhi Daredevils,171,164,53,21,50,79,68,64,Delhi Daredevils,field,Kings XI Punjab
598029,Eden Gardens,Kolkata Knight Riders,Mumbai Indians,159,162,61,42,51,74,47,46,Kolkata Knight Riders,bat,Mumbai Indians
598030,"MA Chidambaram Stadium, Chepauk",Chennai Super Kings,Sunrisers Hyderabad,159,160,40,58,56,56,63,46,Sunrisers Hyderabad,bat,Chennai Super Kings
598031,Eden Gardens,Kolkata Knight Riders,Kings XI Punjab,149,150,45,45,66,73,38,32,Kings XI Punjab,bat,Kolkata Knight Riders
598032,Sawai Mansingh Stadium,Rajasthan Royals,Sunrisers Hyderabad,144,146,29,30,63,79,52,37,Sunrisers Hyderabad,bat,Rajasthan Royals
598033,Wankhede Stadium,Mumbai Indians,Royal Challengers Bangalore,194,136,52,35,91,59,51,42,Mumbai Indians,bat,Mumbai Indians
598034,"MA Chidambaram Stadium, Chepauk",Chennai Super Kings,Kolkata Knight Riders,200,186,67,63,84,63,49,60,Kolkata Knight Riders,field,Chennai Super Kings
598035,Shaheed Veer Narayan Singh International Stadium,Delhi Daredevils,Pune Warriors,164,149,37,43,64,67,63,39,Pune Warriors,field,Delhi Daredevils
598036,Sawai Mansingh Stadium,Rajasthan Royals,Royal Challengers Bangalore,171,173,55,45,61,75,55,53,Rajasthan Royals,field,Rajasthan Royals
598037,Wankhede Stadium,Mumbai Indians,Kings XI Punjab,174,170,36,55,66,63,72,52,Mumbai Indians,bat,Mumbai Indians
598038,Subrata Roy Sahara Stadium,Pune Warriors,Chennai Super Kings,164,127,29,46,73,47,62,34,Chennai Super Kings,bat,Chennai Super Kings
598039,"Rajiv Gandhi International Stadium, Uppal",Sunrisers Hyderabad,Mumbai Indians,129,130,41,36,48,70,40,24,Mumbai Indians,bat,Sunrisers Hyderabad
598040,Shaheed Veer Narayan Singh International Stadium,Delhi Daredevils,Kolkata Knight Riders,136,137,37,34,46,66,53,37,Kolkata Knight Riders,bat,Delhi Daredevils
598041,"MA Chidambaram Stadium, Chepauk",Chennai Super Kings,Kings XI Punjab,186,171,36,36,80,86,70,49,Chennai Super Kings,bat,Chennai Super Kings
598042,Subrata Roy Sahara Stadium,Pune Warriors,Royal Challengers Bangalore,187,170,30,39,89,83,68,48,Royal Challengers Bangalore,bat,Royal Challengers Bangalore
598043,Eden Gardens,Kolkata Knight Riders,Rajasthan Royals,132,133,34,48,68,66,30,19,Rajasthan Royals,bat,Kolkata Knight Riders
598044,"Rajiv Gandhi International Stadium, Uppal",Sunrisers Hyderabad,Delhi Daredevils,80,81,26,41,44,40,10,0,Delhi Daredevils,bat,Sunrisers Hyderabad
598045,M Chinnaswamy Stadium,Royal Challengers Bangalore,Kings XI Punjab,174,176,31,46,80,94,63,36,Kings XI Punjab,field,Kings XI Punjab
598046,Wankhede Stadium,Mumbai Indians,Chennai Super Kings,139,79,32,32,50,46,57,1,Mumbai Indians,bat,Mumbai Indians
598047,Sawai Mansingh Stadium,Rajasthan Royals,Pune Warriors,178,182,61,53,64,75,53,54,Pune Warriors,bat,Rajasthan Royals
598048,M Chinnaswamy Stadium,Royal Challengers Bangalore,Sunrisers Hyderabad,161,162,40,47,58,70,63,45,Sunrisers Hyderabad,bat,Royal Challengers Bangalore
598049,Sawai Mansingh Stadium,Rajasthan Royals,Delhi Daredevils,154,155,42,49,59,77,53,29,Delhi Daredevils,bat,Rajasthan Royals
598050,Wankhede Stadium,Mumbai Indians,Kolkata Knight Riders,170,105,41,38,65,54,64,13,Mumbai Indians,bat,Mumbai Indians
598051,"Rajiv Gandhi International Stadium, Uppal",Sunrisers Hyderabad,Chennai Super Kings,223,146,50,49,86,60,87,37,Sunrisers Hyderabad,field,Chennai Super Kings
598052,"Punjab Cricket Association Stadium, Mohali",Kings XI Punjab,Rajasthan Royals,145,147,37,38,70,67,38,42,Rajasthan Royals,field,Rajasthan Royals
598053,Subrata Roy Sahara Stadium,Pune Warriors,Kolkata Knight Riders,152,106,50,34,46,46,56,26,Kolkata Knight Riders,bat,Kolkata Knight Riders
598054,Feroz Shah Kotla,Delhi Daredevils,Royal Challengers Bangalore,183,179,40,49,59,74,84,56,Delhi Daredevils,field,Royal Challengers Bangalore
598055,Subrata Roy Sahara Stadium,Pune Warriors,Mumbai Indians,112,116,36,37,52,46,24,33,Pune Warriors,bat,Mumbai Indians
598056,"Punjab Cricket Association Stadium, Mohali",Kings XI Punjab,Sunrisers Hyderabad,150,120,37,41,61,52,52,27,Kings XI Punjab,field,Sunrisers Hyderabad
598057,JSCA International Stadium Complex,Kolkata Knight Riders,Royal Challengers Bangalore,115,116,22,31,62,54,31,31,Kolkata Knight Riders,field,Kolkata Knight Riders
598058,Sawai Mansingh Stadium,Rajasthan Royals,Chennai Super Kings,141,144,37,24,63,106,41,14,Rajasthan Royals,field,Rajasthan Royals
598059,Feroz Shah Kotla,Delhi Daredevils,Kings XI Punjab,120,121,40,56,50,45,30,20,Kings XI Punjab,field,Kings XI Punjab
598060,Wankhede Stadium,Mumbai Indians,Sunrisers Hyderabad,178,184,52,39,79,74,47,71,Sunrisers Hyderabad,bat,Mumbai Indians
598061,JSCA International Stadium Complex,Kolkata Knight Riders,Pune Warriors,170,163,42,33,70,89,58,41,Kolkata Knight Riders,field,Pune Warriors
598062,"MA Chidambaram Stadium, Chepauk",Chennai Super Kings,Delhi Daredevils,168,135,47,49,62,54,59,32,Chennai Super Kings,bat,Chennai Super Kings
598063,Wankhede Stadium,Mumbai Indians,Rajasthan Royals,166,152,49,29,83,77,34,46,Rajasthan Royals,field,Mumbai Indians
598064,"Punjab Cricket Association Stadium, Mohali",Kings XI Punjab,Royal Challengers Bangalore,190,194,58,41,75,97,57,56,Kings XI Punjab,field,Kings XI Punjab
598065,"Rajiv Gandhi International Stadium, Uppal",Sunrisers Hyderabad,Rajasthan Royals,136,113,21,33,69,40,46,40,Sunrisers Hyderabad,bat,Sunrisers Hyderabad
598066,Himachal Pradesh Cricket Association Stadium,Kings XI Punjab,Mumbai Indians,183,133,35,51,96,56,52,26,Mumbai Indians,field,Kings XI Punjab
598067,Subrata Roy Sahara Stadium,Pune Warriors,Delhi Daredevils,172,134,40,47,67,57,65,30,Pune Warriors,bat,Pune Warriors
598068,M Chinnaswamy Stadium,Royal Challengers Bangalore,Chennai Super Kings,106,82,76,56,30,26,0,0,Chennai Super Kings,field,Royal Challengers Bangalore
598069,"Rajiv Gandhi International Stadium, Uppal",Sunrisers Hyderabad,Kolkata Knight Riders,130,132,33,45,56,61,41,26,Kolkata Knight Riders,bat,Sunrisers Hyderabad
598070,Feroz Shah Kotla,Chennai Super Kings,Mumbai Indians,192,144,47,56,78,71,67,17,Chennai Super Kings,bat,Chennai Super Kings
598071,Feroz Shah Kotla,Rajasthan Royals,Sunrisers Hyderabad,132,135,27,44,50,55,55,36,Sunrisers Hyderabad,bat,Rajasthan Royals
598072,Eden Gardens,Mumbai Indians,Rajasthan Royals,165,169,42,45,62,81,61,43,Rajasthan Royals,bat,Mumbai Indians
598073,Eden Gardens,Chennai Super Kings,Mumbai Indians,148,125,34,35,66,48,48,42,Mumbai Indians,bat,Mumbai Indians
729279,Sheikh Zayed Stadium,Mumbai Indians,Kolkata Knight Riders,163,122,31,32,79,63,53,27,Kolkata Knight Riders,bat,Kolkata Knight Riders
729281,Sharjah Cricket Stadium,Delhi Daredevils,Royal Challengers Bangalore,145,146,30,50,52,74,63,22,Royal Challengers Bangalore,field,Royal Challengers Bangalore
729283,Sheikh Zayed Stadium,Chennai Super Kings,Kings XI Punjab,205,206,70,64,75,92,60,50,Chennai Super Kings,bat,Kings XI Punjab
729285,Sheikh Zayed Stadium,Sunrisers Hyderabad,Rajasthan Royals,133,135,41,30,49,72,43,33,Rajasthan Royals,field,Rajasthan Royals
729287,Dubai International Cricket Stadium,Royal Challengers Bangalore,Mumbai Indians,115,116,49,30,43,62,23,24,Royal Challengers Bangalore,field,Royal Challengers Bangalore
729289,Dubai International Cricket Stadium,Kolkata Knight Riders,Delhi Daredevils,166,167,31,49,81,74,54,44,Kolkata Knight Riders,bat,Delhi Daredevils
729291,Sharjah Cricket Stadium,Rajasthan Royals,Kings XI Punjab,191,193,54,39,89,93,48,61,Kings XI Punjab,field,Kings XI Punjab
729293,Sheikh Zayed Stadium,Chennai Super Kings,Delhi Daredevils,177,84,34,24,77,58,66,2,Chennai Super Kings,bat,Chennai Super Kings
729295,Sharjah Cricket Stadium,Kings XI Punjab,Sunrisers Hyderabad,193,121,43,45,109,54,41,22,Sunrisers Hyderabad,field,Kings XI Punjab
729297,Dubai International Cricket Stadium,Rajasthan Royals,Chennai Super Kings,140,133,51,38,50,49,39,46,Rajasthan Royals,field,Chennai Super Kings
729299,Sharjah Cricket Stadium,Royal Challengers Bangalore,Kolkata Knight Riders,150,148,42,49,64,67,44,32,Royal Challengers Bangalore,field,Kolkata Knight Riders
729301,Dubai International Cricket Stadium,Sunrisers Hyderabad,Delhi Daredevils,184,180,55,44,63,75,66,61,Sunrisers Hyderabad,bat,Sunrisers Hyderabad
729303,Dubai International Cricket Stadium,Chennai Super Kings,Mumbai Indians,141,142,31,51,77,56,33,35,Mumbai Indians,bat,Chennai Super Kings
729305,Sheikh Zayed Stadium,Rajasthan Royals,Royal Challengers Bangalore,70,71,22,36,48,35,0,0,Rajasthan Royals,field,Rajasthan Royals
729307,Sheikh Zayed Stadium,Kolkata Knight Riders,Kings XI Punjab,132,109,51,24,60,51,21,34,Kolkata Knight Riders,field,Kings XI Punjab
729309,Sharjah Cricket Stadium,Delhi Daredevils,Mumbai Indians,125,126,37,31,32,72,56,23,Mumbai Indians,bat,Delhi Daredevils
729311,Sharjah Cricket Stadium,Sunrisers Hyderabad,Chennai Super Kings,145,146,37,47,61,77,47,22,Sunrisers Hyderabad,bat,Chennai Super Kings
729313,Dubai International Cricket Stadium,Kings XI Punjab,Royal Challengers Bangalore,124,127,44,33,54,68,26,26,Kings XI Punjab,field,Kings XI Punjab
729315,Sheikh Zayed Stadium,Kolkata Knight Riders,Rajasthan Royals,152,174,45,55,61,68,46,51,Rajasthan Royals,bat,NA
729317,Dubai International Cricket Stadium,Mumbai Indians,Sunrisers Hyderabad,172,157,44,32,73,74,55,51,Mumbai Indians,field,Sunrisers Hyderabad
733971,JSCA International Stadium Complex,Chennai Super Kings,Kolkata Knight Riders,148,114,43,39,83,52,22,23,Chennai Super Kings,bat,Chennai Super Kings
733973,Wankhede Stadium,Mumbai Indians,Kings XI Punjab,168,170,36,49,90,69,42,52,Kings XI Punjab,bat,Mumbai Indians
733975,Feroz Shah Kotla,Delhi Daredevils,Rajasthan Royals,152,156,46,38,48,77,58,41,Rajasthan Royals,field,Rajasthan Royals
733977,M Chinnaswamy Stadium,Royal Challengers Bangalore,Sunrisers Hyderabad,155,158,47,36,59,61,49,61,Royal Challengers Bangalore,field,Royal Challengers Bangalore
733979,"Sardar Patel Stadium, Motera",Rajasthan Royals,Kolkata Knight Riders,170,160,50,50,66,72,54,38,Kolkata Knight Riders,field,Rajasthan Royals
733981,Feroz Shah Kotla,Delhi Daredevils,Chennai Super Kings,178,181,46,49,76,78,56,54,Chennai Super Kings,field,Chennai Super Kings
733983,Wankhede Stadium,Mumbai Indians,Royal Challengers Bangalore,187,168,50,64,69,61,68,43,Royal Challengers Bangalore,field,Mumbai Indians
733985,Feroz Shah Kotla,Delhi Daredevils,Kolkata Knight Riders,160,161,29,52,74,76,57,33,Delhi Daredevils,bat,Kolkata Knight Riders
733987,Barabati Stadium,Kings XI Punjab,Chennai Super Kings,231,187,38,46,115,73,78,68,Chennai Super Kings,field,Kings XI Punjab
733989,"Sardar Patel Stadium, Motera",Rajasthan Royals,Sunrisers Hyderabad,134,102,50,37,52,44,32,21,Rajasthan Royals,field,Sunrisers Hyderabad
733991,M Chinnaswamy Stadium,Royal Challengers Bangalore,Kings XI Punjab,198,166,64,34,76,75,58,57,Royal Challengers Bangalore,field,Kings XI Punjab
733993,Feroz Shah Kotla,Delhi Daredevils,Sunrisers Hyderabad,143,44,52,44,69,0,22,0,Sunrisers Hyderabad,field,Sunrisers Hyderabad
733995,Wankhede Stadium,Mumbai Indians,Chennai Super Kings,157,160,42,38,57,74,58,48,Chennai Super Kings,field,Chennai Super Kings
733997,Barabati Stadium,Kings XI Punjab,Kolkata Knight Riders,149,150,49,55,67,68,33,27,Kolkata Knight Riders,field,Kolkata Knight Riders
733999,M Chinnaswamy Stadium,Royal Challengers Bangalore,Rajasthan Royals,190,191,31,45,75,77,84,69,Royal Challengers Bangalore,bat,Rajasthan Royals
734001,"Rajiv Gandhi International Stadium, Uppal",Sunrisers Hyderabad,Mumbai Indians,157,160,43,38,60,87,54,35,Sunrisers Hyderabad,bat,Mumbai Indians
734003,JSCA International Stadium Complex,Chennai Super Kings,Rajasthan Royals,148,149,42,48,72,58,34,43,Rajasthan Royals,bat,Chennai Super Kings
734005,M Chinnaswamy Stadium,Royal Challengers Bangalore,Delhi Daredevils,186,170,34,46,74,73,78,51,Delhi Daredevils,field,Royal Challengers Bangalore
734007,"Rajiv Gandhi International Stadium, Uppal",Sunrisers Hyderabad,Kings XI Punjab,205,211,55,86,72,83,78,42,Kings XI Punjab,field,Kings XI Punjab
734009,Barabati Stadium,Kolkata Knight Riders,Mumbai Indians,141,142,37,45,62,55,42,42,Kolkata Knight Riders,field,Kolkata Knight Riders
734011,"Sardar Patel Stadium, Motera",Rajasthan Royals,Delhi Daredevils,201,139,52,34,89,59,60,46,Delhi Daredevils,field,Rajasthan Royals
734013,JSCA International Stadium Complex,Chennai Super Kings,Royal Challengers Bangalore,138,142,39,17,68,69,31,56,Chennai Super Kings,bat,Royal Challengers Bangalore
734015,"Rajiv Gandhi International Stadium, Uppal",Sunrisers Hyderabad,Kolkata Knight Riders,142,146,41,30,68,73,33,43,Sunrisers Hyderabad,bat,Kolkata Knight Riders
734017,"Sardar Patel Stadium, Motera",Rajasthan Royals,Mumbai Indians,178,153,42,47,80,49,56,57,Mumbai Indians,bat,Mumbai Indians
734019,Feroz Shah Kotla,Delhi Daredevils,Kings XI Punjab,164,165,55,66,66,61,43,38,Kings XI Punjab,field,Kings XI Punjab
734021,"Rajiv Gandhi International Stadium, Uppal",Sunrisers Hyderabad,Royal Challengers Bangalore,160,161,25,51,80,65,55,45,Royal Challengers Bangalore,bat,Sunrisers Hyderabad
734023,Eden Gardens,Kolkata Knight Riders,Chennai Super Kings,154,156,35,52,71,67,48,37,Kolkata Knight Riders,field,Kolkata Knight Riders
734025,"Punjab Cricket Association Stadium, Mohali",Kings XI Punjab,Mumbai Indians,156,159,48,62,59,71,49,26,Mumbai Indians,field,Mumbai Indians
734027,Eden Gardens,Kolkata Knight Riders,Royal Challengers Bangalore,195,165,45,36,96,70,54,59,Royal Challengers Bangalore,field,Kolkata Knight Riders
734029,JSCA International Stadium Complex,Chennai Super Kings,Sunrisers Hyderabad,185,189,60,64,57,84,68,41,Sunrisers Hyderabad,field,Sunrisers Hyderabad
734031,Wankhede Stadium,Mumbai Indians,Delhi Daredevils,173,158,65,47,84,58,24,53,Delhi Daredevils,field,Mumbai Indians
734033,"Punjab Cricket Association Stadium, Mohali",Kings XI Punjab,Rajasthan Royals,179,163,53,44,67,48,59,71,Rajasthan Royals,field,Kings XI Punjab
734035,M Chinnaswamy Stadium,Royal Challengers Bangalore,Chennai Super Kings,154,160,34,64,67,47,53,49,Chennai Super Kings,field,Chennai Super Kings
734037,Eden Gardens,Kolkata Knight Riders,Sunrisers Hyderabad,160,161,49,49,72,112,39,0,Kolkata Knight Riders,field,Kolkata Knight Riders
734039,"Punjab Cricket Association Stadium, Mohali",Kings XI Punjab,Delhi Daredevils,115,119,44,48,59,71,12,0,Kings XI Punjab,field,Kings XI Punjab
734041,Wankhede Stadium,Mumbai Indians,Rajasthan Royals,189,195,35,71,99,124,55,0,Mumbai Indians,field,Mumbai Indians
734043,Eden Gardens,Kings XI Punjab,Kolkata Knight Riders,163,135,55,46,57,46,51,43,Kings XI Punjab,field,Kolkata Knight Riders
734045,Brabourne Stadium,Chennai Super Kings,Mumbai Indians,173,176,53,60,74,72,46,44,Chennai Super Kings,field,Chennai Super Kings
734047,Wankhede Stadium,Chennai Super Kings,Kings XI Punjab,226,202,70,100,97,55,59,47,Chennai Super Kings,field,Kings XI Punjab
734049,M Chinnaswamy Stadium,Kolkata Knight Riders,Kings XI Punjab,199,200,32,59,99,92,68,49,Kolkata Knight Riders,field,Kolkata Knight Riders
829705,Eden Gardens,Kolkata Knight Riders,Mumbai Indians,168,170,37,38,64,91,67,41,Kolkata Knight Riders,field,Kolkata Knight Riders
829707,"MA Chidambaram Stadium, Chepauk",Chennai Super Kings,Delhi Daredevils,150,149,59,40,57,62,34,47,Delhi Daredevils,field,Chennai Super Kings
829709,Maharashtra Cricket Association Stadium,Kings XI Punjab,Rajasthan Royals,162,136,35,51,75,53,52,32,Kings XI Punjab,field,Rajasthan Royals
829711,"MA Chidambaram Stadium, Chepauk",Chennai Super Kings,Sunrisers Hyderabad,209,164,49,46,94,69,66,49,Chennai Super Kings,bat,Chennai Super Kings
829713,Eden Gardens,Kolkata Knight Riders,Royal Challengers Bangalore,177,179,53,41,69,78,55,60,Royal Challengers Bangalore,field,Royal Challengers Bangalore
829715,Feroz Shah Kotla,Delhi Daredevils,Rajasthan Royals,184,186,51,42,68,88,65,56,Rajasthan Royals,field,Rajasthan Royals
829717,Wankhede Stadium,Mumbai Indians,Kings XI Punjab,177,159,57,17,70,62,50,80,Mumbai Indians,field,Kings XI Punjab
829719,M Chinnaswamy Stadium,Royal Challengers Bangalore,Sunrisers Hyderabad,166,172,47,65,67,72,52,35,Sunrisers Hyderabad,field,Sunrisers Hyderabad
829721,"Sardar Patel Stadium, Motera",Rajasthan Royals,Mumbai Indians,164,165,31,42,52,71,81,52,Mumbai Indians,bat,Rajasthan Royals
829723,Eden Gardens,Kolkata Knight Riders,Chennai Super Kings,165,169,69,38,52,80,44,51,Kolkata Knight Riders,field,Kolkata Knight Riders
829725,Maharashtra Cricket Association Stadium,Kings XI Punjab,Delhi Daredevils,165,169,41,47,74,73,50,49,Kings XI Punjab,bat,Delhi Daredevils
829727,Dr. Y.S. Rajasekhara Reddy ACA-VDCA Cricket Stadium,Sunrisers Hyderabad,Rajasthan Royals,127,131,35,36,55,60,37,35,Rajasthan Royals,field,Rajasthan Royals
829729,Wankhede Stadium,Mumbai Indians,Chennai Super Kings,183,189,31,90,101,78,51,21,Mumbai Indians,bat,Chennai Super Kings
829731,Dr. Y.S. Rajasekhara Reddy ACA-VDCA Cricket Stadium,Sunrisers Hyderabad,Delhi Daredevils,167,163,40,50,81,60,46,53,Delhi Daredevils,bat,Delhi Daredevils
829733,Maharashtra Cricket Association Stadium,Kings XI Punjab,Kolkata Knight Riders,155,159,48,53,64,72,43,34,Kolkata Knight Riders,field,Kolkata Knight Riders
829735,"Sardar Patel Stadium, Motera",Rajasthan Royals,Chennai Super Kings,156,157,39,47,67,91,50,19,Chennai Super Kings,bat,Rajasthan Royals
829737,M Chinnaswamy Stadium,Royal Challengers Bangalore,Mumbai Indians,209,191,48,33,85,96,76,62,Royal Challengers Bangalore,field,Mumbai Indians
829739,Feroz Shah Kotla,Delhi Daredevils,Kolkata Knight Riders,146,147,34,48,69,71,43,28,Kolkata Knight Riders,field,Kolkata Knight Riders
829741,"Sardar Patel Stadium, Motera",Rajasthan Royals,Kings XI Punjab,191,212,43,61,93,80,55,71,Kings XI Punjab,field,NA
829743,Dr. Y.S. Rajasekhara Reddy ACA-VDCA Cricket Stadium,Sunrisers Hyderabad,Kolkata Knight Riders,176,101,43,49,90,52,43,0,Kolkata Knight Riders,field,Sunrisers Hyderabad
829745,M Chinnaswamy Stadium,Royal Challengers Bangalore,Chennai Super Kings,181,154,45,38,89,73,47,43,Royal Challengers Bangalore,field,Chennai Super Kings
829747,Feroz Shah Kotla,Delhi Daredevils,Mumbai Indians,190,153,45,48,92,72,53,33,Mumbai Indians,field,Delhi Daredevils
829749,"Sardar Patel Stadium, Motera",Rajasthan Royals,Royal Challengers Bangalore,130,134,48,49,52,75,30,10,Royal Challengers Bangalore,field,Royal Challengers Bangalore
829751,Wankhede Stadium,Mumbai Indians,Sunrisers Hyderabad,157,137,46,52,66,52,45,33,Mumbai Indians,bat,Mumbai Indians
829753,"MA Chidambaram Stadium, Chepauk",Chennai Super Kings,Kings XI Punjab,192,95,54,39,84,40,54,16,Chennai Super Kings,bat,Chennai Super Kings
829757,Feroz Shah Kotla,Delhi Daredevils,Royal Challengers Bangalore,95,99,38,50,47,49,10,0,Royal Challengers Bangalore,field,Royal Challengers Bangalore
829759,"Punjab Cricket Association Stadium, Mohali",Kings XI Punjab,Sunrisers Hyderabad,150,130,56,36,48,57,46,37,Kings XI Punjab,field,Sunrisers Hyderabad
829761,Eden Gardens,Kolkata Knight Riders,Delhi Daredevils,171,158,50,36,59,70,62,52,Kolkata Knight Riders,bat,Kolkata Knight Riders
829763,M Chinnaswamy Stadium,Royal Challengers Bangalore,Rajasthan Royals,200,0,52,0,78,0,70,0,Rajasthan Royals,field,NA
829765,"MA Chidambaram Stadium, Chepauk",Chennai Super Kings,Kolkata Knight Riders,134,132,53,54,46,36,35,42,Kolkata Knight Riders,field,Chennai Super Kings
829767,Feroz Shah Kotla,Delhi Daredevils,Kings XI Punjab,118,119,27,41,47,78,44,0,Delhi Daredevils,field,Delhi Daredevils
829769,Wankhede Stadium,Mumbai Indians,Rajasthan Royals,187,179,47,55,73,72,67,52,Rajasthan Royals,field,Mumbai Indians
829771,M Chinnaswamy Stadium,Royal Challengers Bangalore,Kolkata Knight Riders,111,115,61,62,50,53,0,0,Royal Challengers Bangalore,field,Royal Challengers Bangalore
829773,"Rajiv Gandhi International Stadium, Uppal",Sunrisers Hyderabad,Chennai Super Kings,192,170,76,54,67,76,49,40,Chennai Super Kings,field,Sunrisers Hyderabad
829775,"Punjab Cricket Association Stadium, Mohali",Kings XI Punjab,Mumbai Indians,172,149,51,45,72,68,49,36,Mumbai Indians,bat,Mumbai Indians
829777,Brabourne Stadium,Rajasthan Royals,Delhi Daredevils,189,175,43,55,71,65,75,55,Delhi Daredevils,field,Rajasthan Royals
829779,"MA Chidambaram Stadium, Chepauk",Chennai Super Kings,Royal Challengers Bangalore,148,124,37,42,64,58,47,24,Chennai Super Kings,bat,Chennai Super Kings
829781,Eden Gardens,Kolkata Knight Riders,Sunrisers Hyderabad,167,132,55,33,56,55,56,44,Sunrisers Hyderabad,field,Kolkata Knight Riders
829783,Wankhede Stadium,Mumbai Indians,Delhi Daredevils,152,153,44,41,51,58,57,54,Delhi Daredevils,bat,Mumbai Indians
829785,M Chinnaswamy Stadium,Royal Challengers Bangalore,Kings XI Punjab,226,88,68,34,103,54,55,0,Kings XI Punjab,field,Royal Challengers Bangalore
829787,Brabourne Stadium,Rajasthan Royals,Sunrisers Hyderabad,201,194,56,36,77,90,68,68,Rajasthan Royals,field,Sunrisers Hyderabad
829789,"MA Chidambaram Stadium, Chepauk",Chennai Super Kings,Mumbai Indians,158,159,44,61,59,40,55,58,Chennai Super Kings,bat,Mumbai Indians
829791,Eden Gardens,Kolkata Knight Riders,Kings XI Punjab,183,184,45,57,89,79,49,48,Kings XI Punjab,bat,Kolkata Knight Riders
829793,Shaheed Veer Narayan Singh International Stadium,Delhi Daredevils,Sunrisers Hyderabad,163,157,41,49,58,55,64,53,Sunrisers Hyderabad,bat,Sunrisers Hyderabad
829795,Wankhede Stadium,Mumbai Indians,Royal Challengers Bangalore,235,196,39,45,108,90,88,61,Royal Challengers Bangalore,bat,Royal Challengers Bangalore
829797,"MA Chidambaram Stadium, Chepauk",Chennai Super Kings,Rajasthan Royals,157,145,36,40,72,53,49,52,Chennai Super Kings,bat,Chennai Super Kings
829799,"Rajiv Gandhi International Stadium, Uppal",Sunrisers Hyderabad,Kings XI Punjab,185,180,56,47,84,57,45,76,Sunrisers Hyderabad,bat,Sunrisers Hyderabad
829801,Shaheed Veer Narayan Singh International Stadium,Delhi Daredevils,Chennai Super Kings,119,120,16,28,67,69,36,23,Chennai Super Kings,bat,Delhi Daredevils
829803,"Punjab Cricket Association Stadium, Mohali",Kings XI Punjab,Royal Challengers Bangalore,106,84,72,61,34,23,0,0,Royal Challengers Bangalore,field,Kings XI Punjab
829805,Wankhede Stadium,Mumbai Indians,Kolkata Knight Riders,171,166,46,50,53,72,72,44,Kolkata Knight Riders,field,Mumbai Indians
829807,"Rajiv Gandhi International Stadium, Uppal",Sunrisers Hyderabad,Royal Challengers Bangalore,135,83,68,83,67,0,0,0,Sunrisers Hyderabad,bat,Royal Challengers Bangalore
829809,"Punjab Cricket Association Stadium, Mohali",Kings XI Punjab,Chennai Super Kings,130,134,41,47,45,64,44,23,Kings XI Punjab,bat,Chennai Super Kings
829811,Brabourne Stadium,Rajasthan Royals,Kolkata Knight Riders,199,190,66,53,80,91,53,46,Rajasthan Royals,bat,Rajasthan Royals
829813,M Chinnaswamy Stadium,Royal Challengers Bangalore,Delhi Daredevils,187,2,54,2,87,0,46,0,Royal Challengers Bangalore,field,NA
829815,"Rajiv Gandhi International Stadium, Uppal",Sunrisers Hyderabad,Mumbai Indians,113,114,29,38,51,76,33,0,Sunrisers Hyderabad,bat,Mumbai Indians
829817,Wankhede Stadium,Chennai Super Kings,Mumbai Indians,187,162,48,54,87,67,52,41,Mumbai Indians,bat,Mumbai Indians
829819,Maharashtra Cricket Association Stadium,Royal Challengers Bangalore,Rajasthan Royals,180,109,41,40,72,52,67,17,Royal Challengers Bangalore,bat,Royal Challengers Bangalore
829821,JSCA International Stadium Complex,Chennai Super Kings,Royal Challengers Bangalore,139,140,29,34,61,57,49,49,Chennai Super Kings,field,Chennai Super Kings
829823,Eden Gardens,Mumbai Indians,Chennai Super Kings,202,161,61,31,85,81,56,49,Chennai Super Kings,field,Mumbai Indians
959175,Dubai International Cricket Stadium,Islamabad United,Quetta Gladiators,128,132,22,58,55,74,51,0,Quetta Gladiators,field,Quetta Gladiators
959177,Dubai International Cricket Stadium,Lahore Qalandars,Karachi Kings,125,131,38,57,60,74,27,0,Karachi Kings,field,Karachi Kings
959179,Dubai International Cricket Stadium,Peshawar Zalmi,Islamabad United,145,121,34,41,67,62,44,18,Peshawar Zalmi,bat,Peshawar Zalmi
959181,Dubai International Cricket Stadium,Karachi Kings,Quetta Gladiators,147,153,30,39,73,99,44,15,Quetta Gladiators,field,Quetta Gladiators
959183,Dubai International Cricket Stadium,Lahore Qalandars,Peshawar Zalmi,117,118,27,43,49,75,41,0,Peshawar Zalmi,field,Peshawar Zalmi
959185,Dubai International Cricket Stadium,Islamabad United,Karachi Kings,132,130,49,35,48,55,35,40,Karachi Kings,field,Islamabad United
959187,Dubai International Cricket Stadium,Peshawar Zalmi,Quetta Gladiators,135,139,29,44,63,65,43,30,Quetta Gladiators,field,Quetta Gladiators
959189,Dubai International Cricket Stadium,Lahore Qalandars,Quetta Gladiators,194,131,34,42,116,87,44,2,Quetta Gladiators,field,Lahore Qalandars
959191,Sharjah Cricket Stadium,Lahore Qalandars,Islamabad United,166,169,46,58,73,111,47,0,Islamabad United,field,Islamabad United
959195,Sharjah Cricket Stadium,Islamabad United,Quetta Gladiators,117,118,54,46,45,70,18,2,Quetta Gladiators,field,Quetta Gladiators
959197,Sharjah Cricket Stadium,Karachi Kings,Lahore Qalandars,178,151,49,43,73,79,56,29,Lahore Qalandars,field,Karachi Kings
959199,Sharjah Cricket Stadium,Islamabad United,Peshawar Zalmi,152,153,36,48,85,78,31,27,Peshawar Zalmi,field,Peshawar Zalmi
959201,Sharjah Cricket Stadium,Karachi Kings,Quetta Gladiators,126,127,49,47,52,65,25,15,Karachi Kings,bat,Quetta Gladiators
959203,Sharjah Cricket Stadium,Lahore Qalandars,Peshawar Zalmi,164,160,41,54,79,81,44,25,Peshawar Zalmi,field,Lahore Qalandars
959205,Sharjah Cricket Stadium,Karachi Kings,Islamabad United,128,131,32,32,67,65,29,34,Islamabad United,field,Islamabad United
959207,Sharjah Cricket Stadium,Quetta Gladiators,Peshawar Zalmi,129,130,44,41,65,71,20,18,Quetta Gladiators,bat,Peshawar Zalmi
959209,Dubai International Cricket Stadium,Lahore Qalandars,Quetta Gladiators,201,203,61,77,83,86,57,40,Quetta Gladiators,field,Quetta Gladiators
959211,Dubai International Cricket Stadium,Karachi Kings,Peshawar Zalmi,152,158,42,32,77,89,33,37,Karachi Kings,bat,Peshawar Zalmi
959213,Dubai International Cricket Stadium,Lahore Qalandars,Islamabad United,150,151,28,48,75,78,47,25,Islamabad United,field,Islamabad United
959215,Dubai International Cricket Stadium,Quetta Gladiators,Peshawar Zalmi,133,132,35,32,84,57,14,43,Peshawar Zalmi,field,Quetta Gladiators
959217,Dubai International Cricket Stadium,Karachi Kings,Islamabad United,111,115,29,38,58,77,24,0,Islamabad United,field,Islamabad United
959219,Dubai International Cricket Stadium,Islamabad United,Peshawar Zalmi,176,126,36,34,104,70,36,22,Peshawar Zalmi,field,Islamabad United
959221,Dubai International Cricket Stadium,Quetta Gladiators,Islamabad United,174,175,36,55,104,92,34,28,Islamabad United,field,Islamabad United
980901,Wankhede Stadium,Mumbai Indians,Rising Pune Supergiants,121,126,37,57,31,69,53,0,Mumbai Indians,bat,Rising Pune Supergiants
980903,Eden Gardens,Kolkata Knight Riders,Delhi Daredevils,98,99,35,47,57,52,6,0,Kolkata Knight Riders,field,Kolkata Knight Riders
980905,"Punjab Cricket Association IS Bindra Stadium, Mohali",Kings XI Punjab,Gujarat Lions,161,162,52,57,73,77,36,28,Gujarat Lions,field,Gujarat Lions
980907,M Chinnaswamy Stadium,Royal Challengers Bangalore,Sunrisers Hyderabad,227,182,49,56,107,83,71,43,Sunrisers Hyderabad,field,Royal Challengers Bangalore
980909,Eden Gardens,Kolkata Knight Riders,Mumbai Indians,187,188,40,53,98,86,49,49,Mumbai Indians,field,Mumbai Indians
980911,Saurashtra Cricket Association Stadium,Gujarat Lions,Rising Pune Supergiants,163,164,57,62,64,70,42,32,Rising Pune Supergiants,bat,Gujarat Lions
980913,Feroz Shah Kotla,Delhi Daredevils,Kings XI Punjab,111,113,37,28,36,85,38,0,Delhi Daredevils,field,Delhi Daredevils
980915,"Rajiv Gandhi International Stadium, Uppal",Sunrisers Hyderabad,Kolkata Knight Riders,142,146,36,36,58,76,48,34,Sunrisers Hyderabad,bat,Kolkata Knight Riders
980917,Wankhede Stadium,Mumbai Indians,Gujarat Lions,143,147,31,42,51,57,61,48,Gujarat Lions,field,Gujarat Lions
980919,"Punjab Cricket Association IS Bindra Stadium, Mohali",Kings XI Punjab,Rising Pune Supergiants,152,153,49,50,60,62,43,41,Rising Pune Supergiants,bat,Kings XI Punjab
980921,M Chinnaswamy Stadium,Royal Challengers Bangalore,Delhi Daredevils,191,192,63,51,80,95,48,46,Delhi Daredevils,field,Delhi Daredevils
980923,"Rajiv Gandhi International Stadium, Uppal",Sunrisers Hyderabad,Mumbai Indians,142,145,40,33,71,75,31,37,Sunrisers Hyderabad,field,Sunrisers Hyderabad
980925,"Punjab Cricket Association IS Bindra Stadium, Mohali",Kings XI Punjab,Kolkata Knight Riders,138,141,41,65,54,52,43,24,Kolkata Knight Riders,field,Kolkata Knight Riders
980927,Wankhede Stadium,Mumbai Indians,Royal Challengers Bangalore,170,171,49,51,63,77,58,43,Mumbai Indians,field,Mumbai Indians
980929,Saurashtra Cricket Association Stadium,Gujarat Lions,Sunrisers Hyderabad,135,137,50,63,54,74,31,0,Sunrisers Hyderabad,field,Sunrisers Hyderabad
980931,Maharashtra Cricket Association Stadium,Rising Pune Supergiants,Royal Challengers Bangalore,185,172,48,36,80,79,57,57,Rising Pune Supergiants,field,Royal Challengers Bangalore
980933,Feroz Shah Kotla,Delhi Daredevils,Mumbai Indians,164,154,41,52,69,62,54,40,Mumbai Indians,field,Delhi Daredevils
980935,"Rajiv Gandhi International Stadium, Uppal",Sunrisers Hyderabad,Kings XI Punjab,143,146,35,65,68,54,40,27,Sunrisers Hyderabad,field,Sunrisers Hyderabad
980937,Saurashtra Cricket Association Stadium,Gujarat Lions,Royal Challengers Bangalore,180,182,50,72,65,64,65,46,Royal Challengers Bangalore,bat,Gujarat Lions
980939,Maharashtra Cricket Association Stadium,Rising Pune Supergiants,Kolkata Knight Riders,160,162,31,59,69,55,60,48,Kolkata Knight Riders,field,Kolkata Knight Riders
980941,"Punjab Cricket Association IS Bindra Stadium, Mohali",Kings XI Punjab,Mumbai Indians,189,164,39,40,101,81,49,43,Kings XI Punjab,field,Mumbai Indians
980943,"Rajiv Gandhi International Stadium, Uppal",Sunrisers Hyderabad,Rising Pune Supergiants,118,94,27,46,45,48,46,0,Rising Pune Supergiants,field,Rising Pune Supergiants
980945,Feroz Shah Kotla,Delhi Daredevils,Gujarat Lions,172,171,71,22,61,94,40,55,Delhi Daredevils,field,Gujarat Lions
980947,Wankhede Stadium,Mumbai Indians,Kolkata Knight Riders,174,178,59,64,67,62,48,52,Mumbai Indians,field,Mumbai Indians
980949,Maharashtra Cricket Association Stadium,Rising Pune Supergiants,Gujarat Lions,195,196,48,72,87,75,60,49,Gujarat Lions,field,Gujarat Lions
980951,Feroz Shah Kotla,Delhi Daredevils,Kolkata Knight Riders,186,159,37,43,83,84,66,32,Kolkata Knight Riders,field,Delhi Daredevils
980953,"Rajiv Gandhi International Stadium, Uppal",Sunrisers Hyderabad,Royal Challengers Bangalore,194,179,49,45,92,87,53,47,Royal Challengers Bangalore,field,Sunrisers Hyderabad
980955,Saurashtra Cricket Association Stadium,Gujarat Lions,Kings XI Punjab,154,131,59,36,51,51,44,44,Gujarat Lions,field,Kings XI Punjab
980957,Maharashtra Cricket Association Stadium,Rising Pune Supergiants,Mumbai Indians,159,161,54,47,66,68,39,46,Mumbai Indians,field,Mumbai Indians
980959,M Chinnaswamy Stadium,Royal Challengers Bangalore,Kolkata Knight Riders,185,189,40,37,72,86,73,66,Kolkata Knight Riders,field,Kolkata Knight Riders
980961,Saurashtra Cricket Association Stadium,Gujarat Lions,Delhi Daredevils,149,150,35,61,64,60,50,29,Delhi Daredevils,field,Delhi Daredevils
980963,Eden Gardens,Kolkata Knight Riders,Kings XI Punjab,164,157,40,37,81,80,43,40,Kings XI Punjab,field,Kolkata Knight Riders
980965,Feroz Shah Kotla,Delhi Daredevils,Rising Pune Supergiants,162,166,48,50,64,66,50,50,Rising Pune Supergiants,field,Rising Pune Supergiants
980967,"Rajiv Gandhi International Stadium, Uppal",Sunrisers Hyderabad,Gujarat Lions,126,129,26,38,59,53,41,38,Sunrisers Hyderabad,field,Sunrisers Hyderabad
980969,M Chinnaswamy Stadium,Royal Challengers Bangalore,Rising Pune Supergiants,191,195,60,46,78,96,53,53,Royal Challengers Bangalore,field,Royal Challengers Bangalore
980971,"Punjab Cricket Association IS Bindra Stadium, Mohali",Kings XI Punjab,Delhi Daredevils,181,172,45,51,74,81,62,40,Delhi Daredevils,field,Kings XI Punjab
980973,Dr. Y.S. Rajasekhara Reddy ACA-VDCA Cricket Stadium,Mumbai Indians,Sunrisers Hyderabad,177,92,51,32,65,53,61,7,Mumbai Indians,field,Sunrisers Hyderabad
980975,Eden Gardens,Kolkata Knight Riders,Gujarat Lions,158,164,28,46,70,89,60,29,Gujarat Lions,field,Gujarat Lions
980977,"Punjab Cricket Association IS Bindra Stadium, Mohali",Kings XI Punjab,Royal Challengers Bangalore,175,174,56,50,57,73,62,51,Kings XI Punjab,field,Royal Challengers Bangalore
980979,Dr. Y.S. Rajasekhara Reddy ACA-VDCA Cricket Stadium,Rising Pune Supergiants,Sunrisers Hyderabad,137,133,34,25,62,61,41,47,Sunrisers Hyderabad,bat,Sunrisers Hyderabad
980981,M Chinnaswamy Stadium,Royal Challengers Bangalore,Mumbai Indians,151,153,25,39,66,58,60,56,Mumbai Indians,field,Mumbai Indians
980983,"Rajiv Gandhi International Stadium, Uppal",Sunrisers Hyderabad,Delhi Daredevils,146,150,51,50,62,64,33,36,Delhi Daredevils,field,Delhi Daredevils
980985,Dr. Y.S. Rajasekhara Reddy ACA-VDCA Cricket Stadium,Mumbai Indians,Kings XI Punjab,124,127,21,32,59,78,44,17,Mumbai Indians,bat,Kings XI Punjab
980987,M Chinnaswamy Stadium,Royal Challengers Bangalore,Gujarat Lions,248,104,42,41,94,53,112,10,Gujarat Lions,field,Royal Challengers Bangalore
980989,Eden Gardens,Kolkata Knight Riders,Rising Pune Supergiants,103,66,37,66,57,0,9,0,Rising Pune Supergiants,bat,Kolkata Knight Riders
980991,"Punjab Cricket Association IS Bindra Stadium, Mohali",Kings XI Punjab,Sunrisers Hyderabad,179,180,47,55,74,75,58,50,Kings XI Punjab,bat,Sunrisers Hyderabad
980993,Dr. Y.S. Rajasekhara Reddy ACA-VDCA Cricket Stadium,Mumbai Indians,Delhi Daredevils,206,126,45,49,99,59,62,18,Delhi Daredevils,field,Mumbai Indians
980995,Eden Gardens,Kolkata Knight Riders,Royal Challengers Bangalore,183,186,51,63,73,72,59,51,Royal Challengers Bangalore,field,Royal Challengers Bangalore
980997,Dr. Y.S. Rajasekhara Reddy ACA-VDCA Cricket Stadium,Rising Pune Supergiants,Delhi Daredevils,121,76,28,44,45,32,48,0,Rising Pune Supergiants,field,Rising Pune Supergiants
980999,M Chinnaswamy Stadium,Royal Challengers Bangalore,Kings XI Punjab,211,120,63,59,148,61,0,0,Kings XI Punjab,field,Royal Challengers Bangalore
981001,Green Park,Gujarat Lions,Kolkata Knight Riders,124,125,44,55,39,70,41,0,Gujarat Lions,field,Gujarat Lions
981003,Shaheed Veer Narayan Singh International Stadium,Delhi Daredevils,Sunrisers Hyderabad,158,161,46,37,69,70,43,54,Delhi Daredevils,field,Delhi Daredevils
981005,Dr. Y.S. Rajasekhara Reddy ACA-VDCA Cricket Stadium,Rising Pune Supergiants,Kings XI Punjab,172,173,52,44,68,59,52,70,Kings XI Punjab,bat,Rising Pune Supergiants
981007,Green Park,Gujarat Lions,Mumbai Indians,172,173,49,70,85,77,38,26,Gujarat Lions,field,Gujarat Lions
981009,Eden Gardens,Kolkata Knight Riders,Sunrisers Hyderabad,171,149,48,48,93,66,30,35,Sunrisers Hyderabad,field,Kolkata Knight Riders
981011,Shaheed Veer Narayan Singh International Stadium,Delhi Daredevils,Royal Challengers Bangalore,138,139,43,49,55,62,40,28,Royal Challengers Bangalore,field,Royal Challengers Bangalore
981013,M Chinnaswamy Stadium,Gujarat Lions,Royal Challengers Bangalore,158,159,23,31,81,79,54,49,Royal Challengers Bangalore,field,Royal Challengers Bangalore
981015,Feroz Shah Kotla,Sunrisers Hyderabad,Kolkata Knight Riders,162,140,43,46,66,64,53,30,Kolkata Knight Riders,field,Sunrisers Hyderabad
981017,Feroz Shah Kotla,Gujarat Lions,Sunrisers Hyderabad,162,163,38,46,71,70,53,47,Sunrisers Hyderabad,field,Sunrisers Hyderabad
981019,M Chinnaswamy Stadium,Royal Challengers Bangalore,Sunrisers Hyderabad,208,200,59,59,81,99,68,42,Sunrisers Hyderabad,bat,Sunrisers Hyderabad
1075986,Dubai International Cricket Stadium,Islamabad United,Peshawar Zalmi,190,175,52,43,99,104,39,28,Islamabad United,field,Islamabad United
1075987,Dubai International Cricket Stadium,Lahore Qalandars,Quetta Gladiators,136,128,26,57,75,58,35,13,Lahore Qalandars,field,Quetta Gladiators
1075988,Dubai International Cricket Stadium,Karachi Kings,Peshawar Zalmi,118,119,28,41,57,62,33,16,Peshawar Zalmi,field,Peshawar Zalmi
1075989,Dubai International Cricket Stadium,Islamabad United,Lahore Qalandars,158,160,48,50,67,78,43,32,Lahore Qalandars,field,Lahore Qalandars
1075990,Dubai International Cricket Stadium,Karachi Kings,Quetta Gladiators,159,160,37,39,77,90,45,31,Quetta Gladiators,field,Quetta Gladiators
1075991,Dubai International Cricket Stadium,Lahore Qalandars,Peshawar Zalmi,59,60,47,20,12,35,0,5,Peshawar Zalmi,field,Peshawar Zalmi
1075992,Sharjah Cricket Stadium,Islamabad United,Quetta Gladiators,148,149,44,40,67,73,37,36,Islamabad United,field,Islamabad United
1075993,Sharjah Cricket Stadium,Karachi Kings,Lahore Qalandars,179,172,62,45,90,87,27,40,Karachi Kings,field,Lahore Qalandars
1075994,Sharjah Cricket Stadium,Peshawar Zalmi,Quetta Gladiators,117,0,41,0,76,0,0,0,Quetta Gladiators,field,
1075995,Sharjah Cricket Stadium,Islamabad United,Karachi Kings,90,75,32,50,58,25,0,0,Karachi Kings,field,Karachi Kings
1075996,Sharjah Cricket Stadium,Lahore Qalandars,Quetta Gladiators,200,202,75,51,71,88,54,63,Quetta Gladiators,field,Quetta Gladiators
1075997,Sharjah Cricket Stadium,Islamabad United,Peshawar Zalmi,136,137,38,23,70,76,28,38,Islamabad United,field,Islamabad United
1075998,Sharjah Cricket Stadium,Karachi Kings,Peshawar Zalmi,174,165,47,39,72,73,55,53,Peshawar Zalmi,field,Karachi Kings
1075999,Sharjah Cricket Stadium,Islamabad United,Lahore Qalandars,145,146,37,29,67,81,41,36,Lahore Qalandars,field,Lahore Qalandars
1076000,Dubai International Cricket Stadium,Karachi Kings,Quetta Gladiators,154,158,50,49,60,87,44,22,Quetta Gladiators,field,Quetta Gladiators
1076001,Dubai International Cricket Stadium,Lahore Qalandars,Peshawar Zalmi,166,149,52,45,77,73,37,31,Peshawar Zalmi,bat,Peshawar Zalmi
1076002,Dubai International Cricket Stadium,Islamabad United,Quetta Gladiators,165,164,41,44,78,97,46,23,Quetta Gladiators,field,Islamabad United
1076003,Dubai International Cricket Stadium,Karachi Kings,Lahore Qalandars,155,158,42,43,67,65,46,50,Karachi Kings,field,Karachi Kings
1076004,Dubai International Cricket Stadium,Peshawar Zalmi,Quetta Gladiators,128,130,28,37,84,52,16,41,Peshawar Zalmi,field,Peshawar Zalmi
1076005,Dubai International Cricket Stadium,Islamabad United,Karachi Kings,123,127,43,64,80,63,0,0,Karachi Kings,field,Karachi Kings
1076006,Sharjah Cricket Stadium,Quetta Gladiators,Peshawar Zalmi,200,199,59,38,101,129,40,32,Peshawar Zalmi,field,Quetta Gladiators
1076007,Sharjah Cricket Stadium,Karachi Kings,Islamabad United,126,82,42,34,64,48,20,0,Islamabad United,field,Karachi Kings
1076008,Dubai International Cricket Stadium,Peshawar Zalmi,Karachi Kings,181,157,47,23,98,108,36,26,Karachi Kings,field,Peshawar Zalmi
1076009,Gaddafi Stadium,Peshawar Zalmi,Quetta Gladiators,148,90,52,31,58,57,38,2,Quetta Gladiators,field,Peshawar Zalmi
1082591,"Rajiv Gandhi International Stadium, Uppal",Sunrisers Hyderabad,Royal Challengers Bangalore,207,172,59,54,92,85,56,33,Royal Challengers Bangalore,field,Sunrisers Hyderabad
1082592,Maharashtra Cricket Association Stadium,Rising Pune Supergiant,Mumbai Indians,184,187,61,59,59,80,64,48,Rising Pune Supergiant,field,Rising Pune Supergiant
1082593,Saurashtra Cricket Association Stadium,Gujarat Lions,Kolkata Knight Riders,183,184,52,73,73,111,58,0,Kolkata Knight Riders,field,Kolkata Knight Riders
1082594,Holkar Cricket Stadium,Kings XI Punjab,Rising Pune Supergiant,163,164,35,56,73,72,55,36,Kings XI Punjab,field,Kings XI Punjab
1082595,M.Chinnaswamy Stadium,Royal Challengers Bangalore,Delhi Daredevils,157,142,41,43,80,70,36,29,Royal Challengers Bangalore,bat,Royal Challengers Bangalore
1082596,"Rajiv Gandhi International Stadium, Uppal",Sunrisers Hyderabad,Gujarat Lions,135,140,40,59,62,72,33,9,Sunrisers Hyderabad,field,Sunrisers Hyderabad
1082597,Wankhede Stadium,Mumbai Indians,Kolkata Knight Riders,178,180,59,49,58,66,61,65,Mumbai Indians,field,Mumbai Indians
1082598,Holkar Cricket Stadium,Kings XI Punjab,Royal Challengers Bangalore,148,150,23,62,48,88,77,0,Royal Challengers Bangalore,bat,Kings XI Punjab
1082599,Maharashtra Cricket Association Stadium,Rising Pune Supergiant,Delhi Daredevils,205,108,62,50,61,56,82,2,Rising Pune Supergiant,field,Delhi Daredevils
1082600,Wankhede Stadium,Mumbai Indians,Sunrisers Hyderabad,158,159,34,61,84,60,40,38,Mumbai Indians,field,Mumbai Indians
1082601,Eden Gardens,Kolkata Knight Riders,Kings XI Punjab,170,171,57,76,77,81,36,14,Kolkata Knight Riders,field,Kolkata Knight Riders
1082602,M Chinnaswamy Stadium,Royal Challengers Bangalore,Mumbai Indians,142,145,41,21,69,70,32,54,Mumbai Indians,field,Mumbai Indians
1082603,Saurashtra Cricket Association Stadium,Gujarat Lions,Rising Pune Supergiant,171,172,64,61,62,72,45,39,Gujarat Lions,field,Gujarat Lions
1082604,Eden Gardens,Kolkata Knight Riders,Sunrisers Hyderabad,172,155,40,45,84,68,48,42,Sunrisers Hyderabad,field,Kolkata Knight Riders
1082605,Feroz Shah Kotla,Delhi Daredevils,Kings XI Punjab,188,137,49,40,71,63,68,34,Delhi Daredevils,bat,Delhi Daredevils
1082606,Wankhede Stadium,Mumbai Indians,Gujarat Lions,176,177,46,56,74,76,56,45,Mumbai Indians,field,Mumbai Indians
1082607,M Chinnaswamy Stadium,Royal Challengers Bangalore,Rising Pune Supergiant,161,134,55,42,62,50,44,42,Royal Challengers Bangalore,field,Rising Pune Supergiant
1082608,Feroz Shah Kotla,Delhi Daredevils,Kolkata Knight Riders,168,169,53,49,57,86,58,34,Delhi Daredevils,bat,Kolkata Knight Riders
1082609,"Rajiv Gandhi International Stadium, Uppal",Sunrisers Hyderabad,Kings XI Punjab,159,154,29,51,79,53,51,50,Kings XI Punjab,field,Sunrisers Hyderabad
1082610,Saurashtra Cricket Association Stadium,Gujarat Lions,Royal Challengers Bangalore,213,192,45,57,108,82,60,53,Gujarat Lions,field,Royal Challengers Bangalore
1082611,"Rajiv Gandhi International Stadium, Uppal",Sunrisers Hyderabad,Delhi Daredevils,191,176,39,56,96,71,56,49,Sunrisers Hyderabad,bat,Sunrisers Hyderabad
1082612,Holkar Cricket Stadium,Kings XI Punjab,Mumbai Indians,198,199,46,82,93,109,59,8,Mumbai Indians,field,Mumbai Indians
1082613,Eden Gardens,Kolkata Knight Riders,Gujarat Lions,187,188,65,72,76,74,46,42,Gujarat Lions,field,Gujarat Lions
1082614,Wankhede Stadium,Mumbai Indians,Delhi Daredevils,142,128,48,23,54,68,40,37,Delhi Daredevils,field,Mumbai Indians
1082615,Maharashtra Cricket Association Stadium,Rising Pune Supergiant,Sunrisers Hyderabad,176,179,45,55,68,60,63,64,Rising Pune Supergiant,field,Rising Pune Supergiant
1082616,Saurashtra Cricket Association Stadium,Gujarat Lions,Kings XI Punjab,188,162,50,50,85,71,53,41,Gujarat Lions,field,Kings XI Punjab
1082617,Eden Gardens,Kolkata Knight Riders,Royal Challengers Bangalore,131,49,65,39,42,10,24,0,Royal Challengers Bangalore,field,Kolkata Knight Riders
1082618,Wankhede Stadium,Mumbai Indians,Rising Pune Supergiant,160,157,48,44,72,69,40,44,Mumbai Indians,field,Rising Pune Supergiant
1082620,Maharashtra Cricket Association Stadium,Rising Pune Supergiant,Kolkata Knight Riders,182,184,57,45,72,114,53,25,Kolkata Knight Riders,field,Kolkata Knight Riders
1082621,M Chinnaswamy Stadium,Royal Challengers Bangalore,Gujarat Lions,134,135,35,49,72,86,27,0,Gujarat Lions,field,Gujarat Lions
1082622,Eden Gardens,Kolkata Knight Riders,Delhi Daredevils,160,161,53,47,78,93,29,21,Kolkata Knight Riders,field,Kolkata Knight Riders
1082623,"Punjab Cricket Association IS Bindra Stadium, Mohali",Kings XI Punjab,Sunrisers Hyderabad,207,181,60,59,95,79,52,43,Kings XI Punjab,field,Sunrisers Hyderabad
1082624,Maharashtra Cricket Association Stadium,Rising Pune Supergiant,Royal Challengers Bangalore,157,96,43,39,68,32,46,25,Royal Challengers Bangalore,field,Rising Pune Supergiant
1082625,Saurashtra Cricket Association Stadium,Gujarat Lions,Mumbai Indians,153,170,48,78,52,53,53,39,Gujarat Lions,bat,NA
1082626,"Punjab Cricket Association IS Bindra Stadium, Mohali",Kings XI Punjab,Delhi Daredevils,67,68,25,50,35,18,7,0,Kings XI Punjab,field,Kings XI Punjab
1082627,"Rajiv Gandhi International Stadium, Uppal",Sunrisers Hyderabad,Kolkata Knight Riders,209,161,79,44,75,78,55,39,Kolkata Knight Riders,field,Sunrisers Hyderabad
1082628,Wankhede Stadium,Mumbai Indians,Royal Challengers Bangalore,162,165,52,55,63,59,47,51,Royal Challengers Bangalore,bat,Mumbai Indians
1082629,Maharashtra Cricket Association Stadium,Rising Pune Supergiant,Gujarat Lions,161,167,55,43,80,59,26,65,Rising Pune Supergiant,field,Rising Pune Supergiant
1082630,Feroz Shah Kotla,Delhi Daredevils,Sunrisers Hyderabad,185,189,66,62,48,80,71,47,Delhi Daredevils,field,Delhi Daredevils
1082631,Eden Gardens,Kolkata Knight Riders,Rising Pune Supergiant,155,158,41,74,69,60,45,24,Rising Pune Supergiant,field,Rising Pune Supergiant
1082632,Feroz Shah Kotla,Delhi Daredevils,Gujarat Lions,208,214,58,63,106,119,44,32,Delhi Daredevils,field,Delhi Daredevils
1082633,M Chinnaswamy Stadium,Royal Challengers Bangalore,Kings XI Punjab,138,119,35,46,49,52,54,21,Royal Challengers Bangalore,field,Kings XI Punjab
1082634,"Rajiv Gandhi International Stadium, Uppal",Sunrisers Hyderabad,Rising Pune Supergiant,148,136,35,47,65,54,48,35,Sunrisers Hyderabad,field,Rising Pune Supergiant
1082635,Feroz Shah Kotla,Delhi Daredevils,Mumbai Indians,212,66,60,35,88,31,64,0,Delhi Daredevils,field,Mumbai Indians
1082636,M Chinnaswamy Stadium,Royal Challengers Bangalore,Kolkata Knight Riders,158,159,40,105,65,52,53,2,Kolkata Knight Riders,field,Kolkata Knight Riders
1082637,"Punjab Cricket Association IS Bindra Stadium, Mohali",Kings XI Punjab,Gujarat Lions,189,192,44,58,79,90,66,44,Gujarat Lions,field,Gujarat Lions
1082638,"Rajiv Gandhi International Stadium, Uppal",Sunrisers Hyderabad,Mumbai Indians,138,140,36,43,63,70,39,27,Mumbai Indians,bat,Sunrisers Hyderabad
1082639,"Punjab Cricket Association IS Bindra Stadium, Mohali",Kings XI Punjab,Kolkata Knight Riders,167,153,41,61,74,57,52,35,Kolkata Knight Riders,field,Kings XI Punjab
1082640,Green Park,Gujarat Lions,Delhi Daredevils,195,197,50,64,84,74,61,59,Delhi Daredevils,field,Delhi Daredevils
1082641,Wankhede Stadium,Mumbai Indians,Kings XI Punjab,230,223,71,68,102,80,57,75,Mumbai Indians,field,Kings XI Punjab
1082642,Feroz Shah Kotla,Delhi Daredevils,Rising Pune Supergiant,168,161,54,53,69,64,45,44,Delhi Daredevils,bat,Delhi Daredevils
1082643,Green Park,Gujarat Lions,Sunrisers Hyderabad,154,158,61,47,65,80,28,31,Sunrisers Hyderabad,field,Sunrisers Hyderabad
1082644,Eden Gardens,Kolkata Knight Riders,Mumbai Indians,173,164,51,53,67,78,55,33,Kolkata Knight Riders,field,Mumbai Indians
1082645,Maharashtra Cricket Association Stadium,Rising Pune Supergiant,Kings XI Punjab,73,78,32,43,39,35,2,0,Rising Pune Supergiant,field,Rising Pune Supergiant
1082646,Feroz Shah Kotla,Delhi Daredevils,Royal Challengers Bangalore,161,151,37,42,70,62,54,47,Royal Challengers Bangalore,bat,Royal Challengers Bangalore
1082647,Wankhede Stadium,Mumbai Indians,Rising Pune Supergiant,162,142,33,42,71,61,58,39,Mumbai Indians,field,Rising Pune Supergiant
1082648,M Chinnaswamy Stadium,Sunrisers Hyderabad,Kolkata Knight Riders,128,48,30,48,68,0,30,0,Kolkata Knight Riders,field,Kolkata Knight Riders
1082649,M Chinnaswamy Stadium,Mumbai Indians,Kolkata Knight Riders,107,111,25,36,63,75,19,0,Mumbai Indians,field,Mumbai Indians
1082650,"Rajiv Gandhi International Stadium, Uppal",Mumbai Indians,Rising Pune Supergiant,129,128,32,38,49,45,48,45,Mumbai Indians,bat,Mumbai Indians
1128818,Dubai International Cricket Stadium,Peshawar Zalmi,Multan Sultans,151,152,29,43,73,71,49,38,Multan Sultans,field,Multan Sultans
1128819,Dubai International Cricket Stadium,Karachi Kings,Quetta Gladiators,149,130,39,26,83,81,27,23,Karachi Kings,bat,Karachi Kings
1128820,Dubai International Cricket Stadium,Multan Sultans,Lahore Qalandars,179,136,53,40,85,95,41,1,Lahore Qalandars,field,Multan Sultans
1128821,Dubai International Cricket Stadium,Islamabad United,Peshawar Zalmi,176,142,57,38,85,70,34,34,Islamabad United,field,Peshawar Zalmi
1128822,Dubai International Cricket Stadium,Quetta Gladiators,Lahore Qalandars,119,120,61,41,41,79,17,0,Quetta Gladiators,field,Quetta Gladiators
1128823,Dubai International Cricket Stadium,Multan Sultans,Islamabad United,113,117,24,39,71,59,18,19,Islamabad United,field,Islamabad United
1128824,Dubai International Cricket Stadium,Karachi Kings,Peshawar Zalmi,131,135,37,46,46,58,48,31,Peshawar Zalmi,bat,Karachi Kings
1128825,Dubai International Cricket Stadium,Karachi Kings,Lahore Qalandars,159,132,39,68,65,54,55,10,Karachi Kings,bat,Karachi Kings
1128826,Sharjah Cricket Stadium,Islamabad United,Quetta Gladiators,134,135,52,48,46,79,36,8,Quetta Gladiators,field,Quetta Gladiators
1128827,Sharjah Cricket Stadium,Quetta Gladiators,Peshawar Zalmi,141,143,31,47,88,62,22,34,Peshawar Zalmi,field,Peshawar Zalmi
1128829,Sharjah Cricket Stadium,Lahore Qalandars,Islamabad United,121,121,25,39,60,56,36,26,Lahore Qalandars,field,
1128830,Sharjah Cricket Stadium,Multan Sultans,Quetta Gladiators,102,108,42,37,60,65,0,6,Multan Sultans,field,Multan Sultans
1128831,Sharjah Cricket Stadium,Peshawar Zalmi,Lahore Qalandars,100,104,53,41,46,63,1,0,Lahore Qalandars,bat,Peshawar Zalmi
1128832,Sharjah Cricket Stadium,Islamabad United,Karachi Kings,153,156,32,61,78,73,43,22,Islamabad United,field,Islamabad United
1128833,Dubai International Cricket Stadium,Peshawar Zalmi,Multan Sultans,183,164,41,39,82,89,60,36,Peshawar Zalmi,field,Multan Sultans
1128834,Dubai International Cricket Stadium,Multan Sultans,Quetta Gladiators,152,156,35,46,71,67,46,43,Quetta Gladiators,field,Quetta Gladiators
1128835,Dubai International Cricket Stadium,Islamabad United,Lahore Qalandars,163,164,49,59,71,92,43,13,Islamabad United,field,Islamabad United
1128836,Dubai International Cricket Stadium,Karachi Kings,Quetta Gladiators,180,113,52,32,92,62,36,19,Karachi Kings,field,Quetta Gladiators
1128837,Dubai International Cricket Stadium,Multan Sultans,Lahore Qalandars,114,115,54,47,45,47,15,21,Multan Sultans,bat,Lahore Qalandars
1128838,Dubai International Cricket Stadium,Peshawar Zalmi,Islamabad United,182,156,41,48,104,58,37,50,Peshawar Zalmi,field,Islamabad United
1128839,Dubai International Cricket Stadium,Multan Sultans,Karachi Kings,188,125,32,53,96,46,60,26,Multan Sultans,field,Karachi Kings
1128840,Dubai International Cricket Stadium,Peshawar Zalmi,Quetta Gladiators,157,158,37,41,70,86,50,31,Quetta Gladiators,field,Quetta Gladiators
1128841,Dubai International Cricket Stadium,Karachi Kings,Lahore Qalandars,163,163,46,52,77,75,40,36,Lahore Qalandars,field,
1128842,Sharjah Cricket Stadium,Multan Sultans,Islamabad United,185,152,54,25,88,94,43,33,Multan Sultans,field,Islamabad United
1128843,Sharjah Cricket Stadium,Quetta Gladiators,Lahore Qalandars,186,169,52,54,95,80,39,35,Quetta Gladiators,field,Lahore Qalandars
1128844,Sharjah Cricket Stadium,Peshawar Zalmi,Karachi Kings,181,137,31,35,88,77,62,25,Peshawar Zalmi,bat,Peshawar Zalmi
1128845,Sharjah Cricket Stadium,Quetta Gladiators,Islamabad United,147,149,36,51,82,76,29,22,Quetta Gladiators,bat,Islamabad United
1128846,Sharjah Cricket Stadium,Peshawar Zalmi,Lahore Qalandars,172,176,49,57,78,91,45,28,Lahore Qalandars,bat,Peshawar Zalmi
1128847,Sharjah Cricket Stadium,Islamabad United,Karachi Kings,124,125,32,50,79,66,13,9,Karachi Kings,field,Karachi Kings
1128848,Dubai International Cricket Stadium,Islamabad United,Karachi Kings,154,155,29,75,82,80,43,0,Karachi Kings,bat,Islamabad United
1128849,Gaddafi Stadium,Peshawar Zalmi,Quetta Gladiators,157,156,44,49,70,69,43,38,Quetta Gladiators,field,Peshawar Zalmi
1128850,Gaddafi Stadium,Karachi Kings,Peshawar Zalmi,170,157,69,51,101,106,0,0,Karachi Kings,field,Peshawar Zalmi
1128851,National Stadium,Islamabad United,Peshawar Zalmi,148,154,38,66,74,82,36,6,Peshawar Zalmi,bat,Islamabad United
1136561,Wankhede Stadium,Mumbai Indians,Chennai Super Kings,165,169,39,42,78,64,48,63,Chennai Super Kings,field,Chennai Super Kings
1136562,Punjab Cricket Association IS Bindra Stadium,Delhi Daredevils,Kings XI Punjab,166,167,45,73,78,59,43,35,Kings XI Punjab,field,Kings XI Punjab
1136563,Eden Gardens,Royal Challengers Bangalore,Kolkata Knight Riders,176,177,52,68,80,73,44,36,Kolkata Knight Riders,field,Kolkata Knight Riders
1136564,Rajiv Gandhi International Stadium,Rajasthan Royals,Sunrisers Hyderabad,125,127,48,57,49,66,28,4,Sunrisers Hyderabad,field,Sunrisers Hyderabad
1136565,MA Chidambaram Stadium,Kolkata Knight Riders,Chennai Super Kings,202,205,64,75,59,70,79,60,Chennai Super Kings,field,Chennai Super Kings
1136566,Sawai Mansingh Stadium,Rajasthan Royals,Delhi Daredevils,153,60,51,60,66,0,36,0,Delhi Daredevils,field,Rajasthan Royals
1136567,Rajiv Gandhi International Stadium,Mumbai Indians,Sunrisers Hyderabad,147,151,54,56,57,65,36,30,Sunrisers Hyderabad,field,Sunrisers Hyderabad
1136568,M.Chinnaswamy Stadium,Kings XI Punjab,Royal Challengers Bangalore,155,159,50,41,72,68,33,50,Royal Challengers Bangalore,field,Royal Challengers Bangalore
1136569,Wankhede Stadium,Mumbai Indians,Delhi Daredevils,194,195,84,53,74,95,36,47,Delhi Daredevils,field,Delhi Daredevils
1136570,Eden Gardens,Kolkata Knight Riders,Sunrisers Hyderabad,138,139,49,46,57,66,32,27,Sunrisers Hyderabad,field,Sunrisers Hyderabad
1136571,M.Chinnaswamy Stadium,Rajasthan Royals,Royal Challengers Bangalore,217,198,52,64,77,70,88,64,Royal Challengers Bangalore,field,Rajasthan Royals
1136572,Punjab Cricket Association IS Bindra Stadium,Kings XI Punjab,Chennai Super Kings,197,193,75,53,79,69,43,71,Chennai Super Kings,field,Kings XI Punjab
1136573,Eden Gardens,Kolkata Knight Riders,Delhi Daredevils,200,129,50,56,95,73,55,0,Delhi Daredevils,field,Kolkata Knight Riders
1136574,Wankhede Stadium,Mumbai Indians,Royal Challengers Bangalore,213,167,60,55,83,53,70,59,Royal Challengers Bangalore,field,Mumbai Indians
1136575,Sawai Mansingh Stadium,Rajasthan Royals,Kolkata Knight Riders,160,163,48,53,64,68,48,42,Kolkata Knight Riders,field,Kolkata Knight Riders
1136576,Punjab Cricket Association IS Bindra Stadium,Kings XI Punjab,Sunrisers Hyderabad,193,178,49,40,94,78,50,60,Kings XI Punjab,bat,Kings XI Punjab
1136577,Maharashtra Cricket Association Stadium,Chennai Super Kings,Rajasthan Royals,204,140,69,35,92,80,43,25,Rajasthan Royals,field,Chennai Super Kings
1136578,Eden Gardens,Kolkata Knight Riders,Kings XI Punjab,191,126,50,73,96,53,45,0,Kings XI Punjab,field,Kings XI Punjab
1136579,M.Chinnaswamy Stadium,Delhi Daredevils,Royal Challengers Bangalore,174,176,28,43,75,97,71,36,Royal Challengers Bangalore,field,Royal Challengers Bangalore
1136580,Rajiv Gandhi International Stadium,Chennai Super Kings,Sunrisers Hyderabad,182,178,27,40,93,77,62,61,Sunrisers Hyderabad,field,Chennai Super Kings
1136581,Sawai Mansingh Stadium,Mumbai Indians,Rajasthan Royals,167,168,43,43,92,75,32,50,Mumbai Indians,bat,Rajasthan Royals
1136582,Arun Jaitley Stadium,Kings XI Punjab,Delhi Daredevils,143,139,51,48,49,48,43,43,Delhi Daredevils,field,Kings XI Punjab
1136583,Wankhede Stadium,Sunrisers Hyderabad,Mumbai Indians,118,87,51,22,55,55,12,10,Mumbai Indians,field,Sunrisers Hyderabad
1136584,M.Chinnaswamy Stadium,Royal Challengers Bangalore,Chennai Super Kings,205,207,52,55,90,80,63,72,Chennai Super Kings,field,Chennai Super Kings
1136585,Rajiv Gandhi International Stadium,Sunrisers Hyderabad,Kings XI Punjab,132,119,37,44,60,47,35,28,Kings XI Punjab,field,Sunrisers Hyderabad
1136586,Arun Jaitley Stadium,Delhi Daredevils,Kolkata Knight Riders,219,164,57,51,83,89,79,24,Kolkata Knight Riders,field,Delhi Daredevils
1136587,Maharashtra Cricket Association Stadium,Chennai Super Kings,Mumbai Indians,169,170,51,50,66,73,52,47,Mumbai Indians,field,Mumbai Indians
1136588,Sawai Mansingh Stadium,Sunrisers Hyderabad,Rajasthan Royals,151,140,39,43,81,59,31,38,Sunrisers Hyderabad,bat,Sunrisers Hyderabad
1136589,M.Chinnaswamy Stadium,Royal Challengers Bangalore,Kolkata Knight Riders,175,176,40,51,69,73,66,52,Kolkata Knight Riders,field,Kolkata Knight Riders
1136590,Maharashtra Cricket Association Stadium,Chennai Super Kings,Delhi Daredevils,211,198,56,59,81,69,74,70,Delhi Daredevils,field,Chennai Super Kings
1136591,M.Chinnaswamy Stadium,Royal Challengers Bangalore,Mumbai Indians,167,153,43,40,80,66,44,47,Mumbai Indians,field,Royal Challengers Bangalore
1136592,Arun Jaitley Stadium,Delhi Daredevils,Rajasthan Royals,196,146,62,79,110,67,24,0,Rajasthan Royals,field,Delhi Daredevils
1136593,Eden Gardens,Chennai Super Kings,Kolkata Knight Riders,177,180,57,56,64,85,56,39,Kolkata Knight Riders,field,Kolkata Knight Riders
1136594,Holkar Cricket Stadium,Kings XI Punjab,Mumbai Indians,174,176,49,39,74,79,51,58,Mumbai Indians,field,Mumbai Indians
1136595,Maharashtra Cricket Association Stadium,Royal Challengers Bangalore,Chennai Super Kings,127,128,47,42,42,47,38,39,Chennai Super Kings,field,Chennai Super Kings
1136596,Rajiv Gandhi International Stadium,Delhi Daredevils,Sunrisers Hyderabad,163,164,60,61,65,54,38,49,Delhi Daredevils,bat,Sunrisers Hyderabad
1136597,Wankhede Stadium,Mumbai Indians,Kolkata Knight Riders,181,168,56,47,76,75,49,46,Kolkata Knight Riders,field,Mumbai Indians
1136598,Holkar Cricket Stadium,Rajasthan Royals,Kings XI Punjab,152,155,45,34,65,68,42,53,Kings XI Punjab,field,Kings XI Punjab
1136599,Rajiv Gandhi International Stadium,Sunrisers Hyderabad,Royal Challengers Bangalore,146,141,38,55,67,47,41,39,Royal Challengers Bangalore,field,Sunrisers Hyderabad
1136600,Sawai Mansingh Stadium,Rajasthan Royals,Kings XI Punjab,158,143,63,33,57,59,38,51,Rajasthan Royals,bat,Rajasthan Royals
1136601,Eden Gardens,Mumbai Indians,Kolkata Knight Riders,210,108,47,47,98,48,65,13,Kolkata Knight Riders,field,Mumbai Indians
1136602,Arun Jaitley Stadium,Delhi Daredevils,Sunrisers Hyderabad,187,191,38,51,73,101,76,39,Delhi Daredevils,bat,Sunrisers Hyderabad
1136603,Sawai Mansingh Stadium,Chennai Super Kings,Rajasthan Royals,176,177,55,57,72,65,49,55,Chennai Super Kings,bat,Rajasthan Royals
1136604,Holkar Cricket Stadium,Kolkata Knight Riders,Kings XI Punjab,245,214,59,58,110,92,76,64,Kings XI Punjab,field,Kolkata Knight Riders
1136605,Arun Jaitley Stadium,Delhi Daredevils,Royal Challengers Bangalore,181,187,44,58,76,89,61,40,Royal Challengers Bangalore,field,Royal Challengers Bangalore
1136606,Maharashtra Cricket Association Stadium,Sunrisers Hyderabad,Chennai Super Kings,179,180,29,53,101,90,49,37,Chennai Super Kings,field,Chennai Super Kings
1136607,Wankhede Stadium,Mumbai Indians,Rajasthan Royals,168,171,51,51,72,81,45,39,Rajasthan Royals,field,Rajasthan Royals
1136608,Holkar Cricket Stadium,Kings XI Punjab,Royal Challengers Bangalore,88,92,47,66,40,26,1,0,Royal Challengers Bangalore,field,Royal Challengers Bangalore
1136609,Eden Gardens,Rajasthan Royals,Kolkata Knight Riders,142,145,68,51,50,65,24,29,Kolkata Knight Riders,field,Kolkata Knight Riders
1136610,Wankhede Stadium,Mumbai Indians,Kings XI Punjab,186,183,60,57,91,70,35,56,Kings XI Punjab,field,Mumbai Indians
1136611,M.Chinnaswamy Stadium,Royal Challengers Bangalore,Sunrisers Hyderabad,218,204,44,56,105,96,69,52,Sunrisers Hyderabad,field,Royal Challengers Bangalore
1136612,Arun Jaitley Stadium,Delhi Daredevils,Chennai Super Kings,162,128,39,44,63,50,60,34,Chennai Super Kings,field,Delhi Daredevils
1136613,Sawai Mansingh Stadium,Rajasthan Royals,Royal Challengers Bangalore,164,134,45,55,68,53,51,26,Rajasthan Royals,bat,Rajasthan Royals
1136614,Rajiv Gandhi International Stadium,Sunrisers Hyderabad,Kolkata Knight Riders,172,173,60,66,81,66,31,41,Sunrisers Hyderabad,bat,Kolkata Knight Riders
1136615,Arun Jaitley Stadium,Delhi Daredevils,Mumbai Indians,174,163,46,57,74,65,54,41,Delhi Daredevils,bat,Delhi Daredevils
1136616,Maharashtra Cricket Association Stadium,Kings XI Punjab,Chennai Super Kings,153,159,29,33,73,69,51,57,Chennai Super Kings,field,Chennai Super Kings
1136617,Wankhede Stadium,Sunrisers Hyderabad,Chennai Super Kings,139,140,47,33,41,59,51,48,Chennai Super Kings,field,Chennai Super Kings
1136618,Eden Gardens,Kolkata Knight Riders,Rajasthan Royals,169,144,46,51,68,60,55,33,Rajasthan Royals,field,Kolkata Knight Riders
1136619,Eden Gardens,Sunrisers Hyderabad,Kolkata Knight Riders,174,160,45,67,68,51,61,42,Kolkata Knight Riders,field,Sunrisers Hyderabad
1136620,Wankhede Stadium,Sunrisers Hyderabad,Chennai Super Kings,178,181,42,35,84,111,52,35,Chennai Super Kings,field,Chennai Super Kings
1168820,Dubai International Cricket Stadium,Islamabad United,Lahore Qalandars,171,177,57,49,83,86,31,42,Islamabad United,field,Islamabad United
1168821,Dubai International Cricket Stadium,Karachi Kings,Multan Sultans,183,176,53,38,107,99,23,39,Karachi Kings,bat,Karachi Kings
1168822,Dubai International Cricket Stadium,Peshawar Zalmi,Quetta Gladiators,155,161,37,59,69,72,49,30,Quetta Gladiators,field,Quetta Gladiators
1168823,Dubai International Cricket Stadium,Islamabad United,Multan Sultans,125,126,29,24,65,70,31,32,Multan Sultans,field,Multan Sultans
1168824,Dubai International Cricket Stadium,Karachi Kings,Lahore Qalandars,138,116,50,32,67,60,21,24,Karachi Kings,field,Lahore Qalandars
1168825,Dubai International Cricket Stadium,Islamabad United,Quetta Gladiators,157,161,38,49,78,85,41,27,Quetta Gladiators,field,Quetta Gladiators
1168826,Dubai International Cricket Stadium,Lahore Qalandars,Peshawar Zalmi,78,81,39,50,39,31,0,0,Peshawar Zalmi,field,Peshawar Zalmi
1168827,Sharjah Cricket Stadium,Multan Sultans,Quetta Gladiators,160,161,51,59,76,84,33,18,Quetta Gladiators,field,Quetta Gladiators
1168828,Sharjah Cricket Stadium,Karachi Kings,Peshawar Zalmi,153,109,38,32,68,56,47,21,Karachi Kings,field,Peshawar Zalmi
1168829,Sharjah Cricket Stadium,Lahore Qalandars,Multan Sultans,200,204,60,51,104,97,36,56,Lahore Qalandars,field,Lahore Qalandars
1168830,Sharjah Cricket Stadium,Islamabad United,Peshawar Zalmi,158,146,40,36,89,72,29,38,Peshawar Zalmi,field,Islamabad United
1168831,Sharjah Cricket Stadium,Lahore Qalandars,Quetta Gladiators,143,148,48,35,73,78,22,35,Quetta Gladiators,field,Quetta Gladiators
1168832,Sharjah Cricket Stadium,Islamabad United,Karachi Kings,143,147,34,61,56,82,53,4,Islamabad United,field,Islamabad United
1168833,Sharjah Cricket Stadium,Multan Sultans,Peshawar Zalmi,145,146,55,41,69,73,21,32,Peshawar Zalmi,field,Peshawar Zalmi
1168834,Sharjah Cricket Stadium,Karachi Kings,Quetta Gladiators,186,188,53,39,75,107,58,42,Karachi Kings,field,Karachi Kings
1168835,Dubai International Cricket Stadium,Islamabad United,Multan Sultans,121,122,45,52,61,49,15,21,Multan Sultans,field,Multan Sultans
1168836,Dubai International Cricket Stadium,Lahore Qalandars,Quetta Gladiators,106,107,45,35,53,66,8,6,Lahore Qalandars,field,Lahore Qalandars
1168837,Dubai International Cricket Stadium,Islamabad United,Karachi Kings,168,169,67,44,77,96,24,29,Islamabad United,field,Islamabad United
1168838,Dubai International Cricket Stadium,Multan Sultans,Peshawar Zalmi,172,176,65,39,64,82,43,55,Peshawar Zalmi,field,Peshawar Zalmi
1168839,Dubai International Cricket Stadium,Karachi Kings,Lahore Qalandars,133,134,42,29,57,71,34,34,Karachi Kings,field,Karachi Kings
1168840,Dubai International Cricket Stadium,Islamabad United,Peshawar Zalmi,176,177,44,58,101,77,31,42,Peshawar Zalmi,field,Peshawar Zalmi
1168841,Dubai International Cricket Stadium,Multan Sultans,Quetta Gladiators,121,122,35,50,66,53,20,19,Quetta Gladiators,field,Quetta Gladiators
1168842,Sheikh Zayed Stadium,Peshawar Zalmi,Quetta Gladiators,165,166,53,45,72,96,40,25,Quetta Gladiators,field,Quetta Gladiators
1168843,Sheikh Zayed Stadium,Karachi Kings,Multan Sultans,118,120,35,30,52,60,31,30,Karachi Kings,field,Karachi Kings
1168844,Sheikh Zayed Stadium,Lahore Qalandars,Peshawar Zalmi,124,125,35,20,61,70,28,35,Peshawar Zalmi,field,Peshawar Zalmi
1168845,Sheikh Zayed Stadium,Islamabad United,Quetta Gladiators,180,137,57,40,77,75,46,22,Islamabad United,field,Quetta Gladiators
1168846,National Stadium,Karachi Kings,Peshawar Zalmi,203,142,61,57,105,85,37,0,Karachi Kings,field,Peshawar Zalmi
1168847,National Stadium,Lahore Qalandars,Islamabad United,238,189,70,64,114,97,54,28,Lahore Qalandars,field,Islamabad United
1168848,National Stadium,Karachi Kings,Quetta Gladiators,190,189,51,66,82,74,57,49,Quetta Gladiators,field,Karachi Kings
1168849,National Stadium,Lahore Qalandars,Multan Sultans,140,141,38,78,73,63,29,0,Multan Sultans,field,Multan Sultans
1168850,National Stadium,Islamabad United,Karachi Kings,161,164,78,48,64,67,19,49,Karachi Kings,bat,Islamabad United
1168851,National Stadium,Peshawar Zalmi,Quetta Gladiators,186,176,57,41,98,88,31,47,Peshawar Zalmi,field,Quetta Gladiators
1168852,National Stadium,Islamabad United,Peshawar Zalmi,214,166,58,41,107,110,49,15,Islamabad United,field,Peshawar Zalmi
1168853,National Stadium,Quetta Gladiators,Peshawar Zalmi,138,139,41,57,62,73,35,9,Quetta Gladiators,field,Quetta Gladiators
1175356,MA Chidambaram Stadium,Royal Challengers Bangalore,Chennai Super Kings,70,71,33,16,33,47,4,8,Chennai Super Kings,field,Chennai Super Kings
1175357,Eden Gardens,Sunrisers Hyderabad,Kolkata Knight Riders,181,183,54,47,80,67,47,69,Kolkata Knight Riders,field,Kolkata Knight Riders
1175358,Wankhede Stadium,Delhi Capitals,Mumbai Indians,213,176,45,46,86,88,82,42,Mumbai Indians,field,Delhi Capitals
1175359,Sawai Mansingh Stadium,Kings XI Punjab,Rajasthan Royals,184,170,32,64,93,71,59,35,Rajasthan Royals,field,Kings XI Punjab
1175360,Arun Jaitley Stadium,Delhi Capitals,Chennai Super Kings,147,150,43,58,75,62,29,30,Delhi Capitals,bat,Chennai Super Kings
1175361,Eden Gardens,Kolkata Knight Riders,Kings XI Punjab,218,190,53,51,94,82,71,57,Kings XI Punjab,field,Kolkata Knight Riders
1175362,M.Chinnaswamy Stadium,Mumbai Indians,Royal Challengers Bangalore,187,181,52,60,87,67,48,54,Royal Challengers Bangalore,field,Mumbai Indians
1175363,Rajiv Gandhi International Stadium,Rajasthan Royals,Sunrisers Hyderabad,198,201,35,69,87,96,76,36,Rajasthan Royals,bat,Sunrisers Hyderabad
1175364,Punjab Cricket Association IS Bindra Stadium,Mumbai Indians,Kings XI Punjab,176,177,62,38,69,102,45,37,Kings XI Punjab,field,Kings XI Punjab
1175365,Arun Jaitley Stadium,Kolkata Knight Riders,Delhi Capitals,185,202,36,62,82,95,67,45,Delhi Capitals,field,NA
1175366,Rajiv Gandhi International Stadium,Sunrisers Hyderabad,Royal Challengers Bangalore,231,113,59,30,105,56,67,27,Royal Challengers Bangalore,field,Sunrisers Hyderabad
1175367,MA Chidambaram Stadium,Chennai Super Kings,Rajasthan Royals,175,167,29,45,70,66,76,56,Rajasthan Royals,field,Chennai Super Kings
1175368,Punjab Cricket Association IS Bindra Stadium,Kings XI Punjab,Delhi Capitals,166,152,54,49,75,79,37,24,Delhi Capitals,field,Kings XI Punjab
1175369,Sawai Mansingh Stadium,Royal Challengers Bangalore,Rajasthan Royals,158,164,48,55,59,66,51,43,Rajasthan Royals,field,Rajasthan Royals
1175370,Wankhede Stadium,Mumbai Indians,Chennai Super Kings,170,133,40,34,53,60,77,39,Chennai Super Kings,field,Mumbai Indians
1175371,Arun Jaitley Stadium,Delhi Capitals,Sunrisers Hyderabad,129,131,36,62,49,41,44,28,Sunrisers Hyderabad,field,Sunrisers Hyderabad
1175372,M.Chinnaswamy Stadium,Royal Challengers Bangalore,Kolkata Knight Riders,205,206,53,59,89,75,63,72,Kolkata Knight Riders,field,Kolkata Knight Riders
1178393,MA Chidambaram Stadium,Chennai Super Kings,Kings XI Punjab,160,138,54,46,54,59,52,33,Chennai Super Kings,bat,Chennai Super Kings
1178394,Rajiv Gandhi International Stadium,Mumbai Indians,Sunrisers Hyderabad,136,96,30,39,45,45,61,12,Sunrisers Hyderabad,field,Mumbai Indians
1178395,M.Chinnaswamy Stadium,Royal Challengers Bangalore,Delhi Capitals,149,152,40,53,68,70,41,29,Delhi Capitals,field,Delhi Capitals
1178396,Sawai Mansingh Stadium,Rajasthan Royals,Kolkata Knight Riders,139,140,28,65,75,75,36,0,Kolkata Knight Riders,field,Kolkata Knight Riders
1178397,Punjab Cricket Association IS Bindra Stadium,Sunrisers Hyderabad,Kings XI Punjab,150,151,27,38,65,73,58,40,Kings XI Punjab,field,Kings XI Punjab
1178398,MA Chidambaram Stadium,Kolkata Knight Riders,Chennai Super Kings,108,111,29,40,46,45,33,26,Chennai Super Kings,field,Chennai Super Kings
1178399,Wankhede Stadium,Kings XI Punjab,Mumbai Indians,197,198,50,50,81,85,66,63,Mumbai Indians,field,Mumbai Indians
1178400,Sawai Mansingh Stadium,Rajasthan Royals,Chennai Super Kings,151,155,54,24,49,77,48,54,Chennai Super Kings,field,Chennai Super Kings
1178401,Eden Gardens,Kolkata Knight Riders,Delhi Capitals,178,180,41,57,81,81,56,42,Delhi Capitals,field,Delhi Capitals
1178402,Wankhede Stadium,Mumbai Indians,Rajasthan Royals,187,188,57,59,69,99,61,30,Rajasthan Royals,field,Rajasthan Royals
1178403,Punjab Cricket Association IS Bindra Stadium,Kings XI Punjab,Royal Challengers Bangalore,173,174,60,63,62,63,51,48,Royal Challengers Bangalore,field,Royal Challengers Bangalore
1178404,Eden Gardens,Kolkata Knight Riders,Chennai Super Kings,161,162,49,44,84,76,28,42,Chennai Super Kings,field,Chennai Super Kings
1178405,Rajiv Gandhi International Stadium,Delhi Capitals,Sunrisers Hyderabad,155,116,51,40,70,60,34,16,Sunrisers Hyderabad,field,Delhi Capitals
1178406,Wankhede Stadium,Royal Challengers Bangalore,Mumbai Indians,171,172,45,67,74,60,52,45,Mumbai Indians,field,Mumbai Indians
1178407,Punjab Cricket Association IS Bindra Stadium,Kings XI Punjab,Rajasthan Royals,182,170,39,54,97,68,46,48,Rajasthan Royals,field,Kings XI Punjab
1178408,Rajiv Gandhi International Stadium,Chennai Super Kings,Sunrisers Hyderabad,132,137,41,68,61,48,30,21,Chennai Super Kings,bat,Sunrisers Hyderabad
1178409,Arun Jaitley Stadium,Mumbai Indians,Delhi Capitals,168,128,57,48,47,38,64,42,Mumbai Indians,bat,Mumbai Indians
1178410,Eden Gardens,Royal Challengers Bangalore,Kolkata Knight Riders,213,203,42,37,80,84,91,82,Kolkata Knight Riders,field,Royal Challengers Bangalore
1178411,Sawai Mansingh Stadium,Mumbai Indians,Rajasthan Royals,161,162,46,60,66,68,49,34,Rajasthan Royals,field,Rajasthan Royals
1178412,Arun Jaitley Stadium,Kings XI Punjab,Delhi Capitals,163,166,50,60,68,68,45,38,Delhi Capitals,field,Delhi Capitals
1178413,Rajiv Gandhi International Stadium,Kolkata Knight Riders,Sunrisers Hyderabad,159,161,61,72,55,89,43,0,Sunrisers Hyderabad,field,Sunrisers Hyderabad
1178414,M.Chinnaswamy Stadium,Royal Challengers Bangalore,Chennai Super Kings,161,160,49,32,69,60,43,68,Chennai Super Kings,field,Royal Challengers Bangalore
1178415,Sawai Mansingh Stadium,Rajasthan Royals,Delhi Capitals,191,193,52,59,98,83,41,51,Delhi Capitals,field,Delhi Capitals
1178416,MA Chidambaram Stadium,Sunrisers Hyderabad,Chennai Super Kings,175,176,54,49,80,86,41,41,Chennai Super Kings,field,Chennai Super Kings
1178417,M.Chinnaswamy Stadium,Royal Challengers Bangalore,Kings XI Punjab,202,185,70,68,52,75,80,42,Kings XI Punjab,field,Royal Challengers Bangalore
1178418,Eden Gardens,Kolkata Knight Riders,Rajasthan Royals,175,177,32,55,68,67,75,55,Rajasthan Royals,field,Rajasthan Royals
1178419,MA Chidambaram Stadium,Mumbai Indians,Chennai Super Kings,155,109,45,40,60,48,50,21,Chennai Super Kings,field,Mumbai Indians
1178420,Sawai Mansingh Stadium,Sunrisers Hyderabad,Rajasthan Royals,160,161,51,60,70,72,39,29,Rajasthan Royals,field,Rajasthan Royals
1178421,Arun Jaitley Stadium,Delhi Capitals,Royal Challengers Bangalore,187,171,59,64,68,62,60,45,Delhi Capitals,bat,Delhi Capitals
1178422,Eden Gardens,Kolkata Knight Riders,Mumbai Indians,232,198,50,41,107,99,75,58,Mumbai Indians,field,Kolkata Knight Riders
1178423,Rajiv Gandhi International Stadium,Sunrisers Hyderabad,Kings XI Punjab,212,167,77,44,82,79,53,44,Kings XI Punjab,field,Sunrisers Hyderabad
1178424,M.Chinnaswamy Stadium,Royal Challengers Bangalore,Rajasthan Royals,62,41,62,41,0,0,0,0,Rajasthan Royals,field,NA
1178425,MA Chidambaram Stadium,Chennai Super Kings,Delhi Capitals,179,99,27,59,75,33,77,7,Delhi Capitals,field,Chennai Super Kings
1178426,Wankhede Stadium,Mumbai Indians,Sunrisers Hyderabad,162,179,44,76,69,47,49,56,Mumbai Indians,bat,NA
1178427,Punjab Cricket Association IS Bindra Stadium,Kings XI Punjab,Kolkata Knight Riders,183,185,41,62,84,89,58,34,Kolkata Knight Riders,field,Kolkata Knight Riders
1178428,Arun Jaitley Stadium,Rajasthan Royals,Delhi Capitals,115,121,30,46,40,54,45,21,Rajasthan Royals,bat,Delhi Capitals
1178429,M.Chinnaswamy Stadium,Sunrisers Hyderabad,Royal Challengers Bangalore,175,178,52,49,70,81,53,48,Royal Challengers Bangalore,field,Royal Challengers Bangalore
1178430,Punjab Cricket Association IS Bindra Stadium,Chennai Super Kings,Kings XI Punjab,170,173,42,68,82,83,46,22,Kings XI Punjab,field,Kings XI Punjab
1178431,Wankhede Stadium,Kolkata Knight Riders,Mumbai Indians,133,134,49,46,50,75,34,13,Mumbai Indians,field,Mumbai Indians
1181764,MA Chidambaram Stadium,Chennai Super Kings,Mumbai Indians,131,132,32,44,59,64,40,24,Chennai Super Kings,bat,Mumbai Indians
1181766,Dr. Y.S. Rajasekhara Reddy ACA-VDCA Cricket Stadium,Sunrisers Hyderabad,Delhi Capitals,162,165,54,55,50,56,58,54,Delhi Capitals,field,Delhi Capitals
1181767,Dr. Y.S. Rajasekhara Reddy ACA-VDCA Cricket Stadium,Delhi Capitals,Chennai Super Kings,147,151,41,42,52,77,54,32,Chennai Super Kings,field,Chennai Super Kings
1181768,Rajiv Gandhi International Stadium,Mumbai Indians,Chennai Super Kings,149,148,45,53,57,35,47,60,Mumbai Indians,bat,Mumbai Indians
1211642,National Stadium,Islamabad United,Quetta Gladiators,168,171,55,36,86,96,27,39,Quetta Gladiators,field,Quetta Gladiators
1211643,National Stadium,Karachi Kings,Peshawar Zalmi,201,191,57,50,102,94,42,47,Peshawar Zalmi,field,Karachi Kings
1211644,Gaddafi Stadium,Lahore Qalandars,Multan Sultans,138,142,61,54,49,84,28,4,Multan Sultans,field,Multan Sultans
1211645,National Stadium,Peshawar Zalmi,Quetta Gladiators,148,153,36,69,86,65,26,19,Peshawar Zalmi,field,Peshawar Zalmi
1211646,Gaddafi Stadium,Islamabad United,Multan Sultans,164,165,42,63,80,99,42,3,Islamabad United,field,Islamabad United
1211647,National Stadium,Karachi Kings,Quetta Gladiators,156,157,40,41,70,82,46,34,Karachi Kings,bat,Quetta Gladiators
1211648,Gaddafi Stadium,Lahore Qalandars,Islamabad United,182,183,57,51,78,98,47,34,Islamabad United,field,Islamabad United
1211649,Multan Cricket Stadium,Multan Sultans,Peshawar Zalmi,123,124,48,47,65,77,10,0,Multan Sultans,field,Multan Sultans
1211650,Rawalpindi Cricket Stadium,Islamabad United,Quetta Gladiators,187,190,57,50,100,94,30,46,Quetta Gladiators,field,Quetta Gladiators
1211651,Multan Cricket Stadium,Multan Sultans,Karachi Kings,186,134,48,55,99,75,39,4,Karachi Kings,field,Multan Sultans
1211652,Rawalpindi Cricket Stadium,Lahore Qalandars,Peshawar Zalmi,132,116,86,54,46,62,0,0,Lahore Qalandars,field,Peshawar Zalmi
1211653,Multan Cricket Stadium,Multan Sultans,Quetta Gladiators,199,169,39,54,109,87,51,28,Multan Sultans,bat,Multan Sultans
1211655,Rawalpindi Cricket Stadium,Islamabad United,Karachi Kings,183,187,47,64,85,89,51,34,Karachi Kings,field,Karachi Kings
1211656,Rawalpindi Cricket Stadium,Karachi Kings,Peshawar Zalmi,151,152,28,55,85,80,38,17,Karachi Kings,field,Karachi Kings
1211657,Gaddafi Stadium,Lahore Qalandars,Quetta Gladiators,209,172,47,51,107,92,55,29,Quetta Gladiators,field,Lahore Qalandars
1211658,Gaddafi Stadium,Lahore Qalandars,Islamabad United,198,127,50,35,95,67,53,25,Lahore Qalandars,field,Islamabad United
1211659,Rawalpindi Cricket Stadium,Peshawar Zalmi,Quetta Gladiators,170,140,45,59,125,81,0,0,Quetta Gladiators,field,Peshawar Zalmi
1211660,Gaddafi Stadium,Karachi Kings,Multan Sultans,102,0,41,0,57,0,4,0,Karachi Kings,field,
1211661,Rawalpindi Cricket Stadium,Islamabad United,Peshawar Zalmi,195,85,59,61,103,24,33,0,Peshawar Zalmi,field,Peshawar Zalmi
1211662,Gaddafi Stadium,Lahore Qalandars,Quetta Gladiators,98,100,21,35,44,65,33,0,Lahore Qalandars,field,Lahore Qalandars
1211663,Rawalpindi Cricket Stadium,Islamabad United,Multan Sultans,91,94,68,84,23,10,0,0,Multan Sultans,field,Multan Sultans
1211664,Gaddafi Stadium,Lahore Qalandars,Karachi Kings,187,190,48,32,80,119,59,39,Lahore Qalandars,field,Lahore Qalandars
1211665,Gaddafi Stadium,Lahore Qalandars,Peshawar Zalmi,187,189,42,49,106,99,39,41,Lahore Qalandars,field,Lahore Qalandars
1211667,National Stadium,Karachi Kings,Lahore Qalandars,150,151,49,52,72,79,29,20,Karachi Kings,field,Karachi Kings
1211668,National Stadium,Multan Sultans,Peshawar Zalmi,154,151,39,32,78,89,37,30,Peshawar Zalmi,field,Multan Sultans
1211669,National Stadium,Karachi Kings,Islamabad United,136,137,47,60,57,46,32,31,Karachi Kings,field,Karachi Kings
1211670,Gaddafi Stadium,Lahore Qalandars,Multan Sultans,186,191,36,72,82,85,68,34,Lahore Qalandars,field,Lahore Qalandars
1211671,National Stadium,Karachi Kings,Quetta Gladiators,150,154,36,59,83,91,31,4,Karachi Kings,bat,Quetta Gladiators
1211672,"National Stadium, Karachi",Multan Sultans,Karachi Kings,141,141,38,46,57,70,46,25,Karachi Kings,field,
1211673,National Stadium,Peshawar Zalmi,Lahore Qalandars,170,171,38,41,91,89,41,41,Lahore Qalandars,field,Lahore Qalandars
1211675,National Stadium,Lahore Qalandars,Multan Sultans,182,157,54,63,69,61,59,33,Multan Sultans,field,Lahore Qalandars
1216492,Sheikh Zayed Stadium,Mumbai Indians,Chennai Super Kings,162,166,51,37,75,79,36,50,Chennai Super Kings,field,Chennai Super Kings
1216493,Dubai International Cricket Stadium,Delhi Capitals,Kings XI Punjab,157,162,23,40,70,63,64,59,Kings XI Punjab,field,NA
1216494,Sheikh Zayed Stadium,Kolkata Knight Riders,Royal Challengers Bangalore,84,85,17,44,35,41,32,0,Kolkata Knight Riders,bat,Royal Challengers Bangalore
1216495,Sharjah Cricket Stadium,Mumbai Indians,Sunrisers Hyderabad,149,151,48,56,50,81,51,14,Sunrisers Hyderabad,field,Sunrisers Hyderabad
1216496,Sharjah Cricket Stadium,Rajasthan Royals,Chennai Super Kings,216,200,54,53,100,78,62,69,Chennai Super Kings,field,Rajasthan Royals
1216497,Sheikh Zayed Stadium,Kolkata Knight Riders,Delhi Capitals,194,135,36,36,106,74,52,25,Delhi Capitals,field,Kolkata Knight Riders
1216498,Dubai International Cricket Stadium,Kings XI Punjab,Sunrisers Hyderabad,126,114,47,52,41,45,38,17,Sunrisers Hyderabad,field,Kings XI Punjab
1216499,Sheikh Zayed Stadium,Royal Challengers Bangalore,Mumbai Indians,164,166,54,45,75,72,35,49,Mumbai Indians,field,Mumbai Indians
1216500,Sharjah Cricket Stadium,Delhi Capitals,Rajasthan Royals,184,138,51,41,71,60,62,37,Rajasthan Royals,field,Delhi Capitals
1216501,Sheikh Zayed Stadium,Kolkata Knight Riders,Chennai Super Kings,167,157,52,54,76,56,39,47,Kolkata Knight Riders,bat,Kolkata Knight Riders
1216502,Sharjah Cricket Stadium,Royal Challengers Bangalore,Sunrisers Hyderabad,120,121,30,58,63,63,27,0,Sunrisers Hyderabad,field,Sunrisers Hyderabad
1216503,Sheikh Zayed Stadium,Mumbai Indians,Kings XI Punjab,191,143,41,41,61,68,89,34,Kings XI Punjab,field,Mumbai Indians
1216504,Dubai International Cricket Stadium,Kolkata Knight Riders,Rajasthan Royals,174,137,42,39,78,51,54,47,Rajasthan Royals,field,Kolkata Knight Riders
1216505,Sheikh Zayed Stadium,Royal Challengers Bangalore,Delhi Capitals,152,154,40,53,63,68,49,33,Delhi Capitals,field,Delhi Capitals
1216506,Sheikh Zayed Stadium,Kings XI Punjab,Chennai Super Kings,153,154,53,57,42,61,58,36,Chennai Super Kings,field,Chennai Super Kings
1216507,Dubai International Cricket Stadium,Sunrisers Hyderabad,Rajasthan Royals,158,163,26,36,70,58,62,69,Sunrisers Hyderabad,bat,Rajasthan Royals
1216508,Sheikh Zayed Stadium,Mumbai Indians,Kolkata Knight Riders,195,146,59,33,88,67,48,46,Kolkata Knight Riders,field,Mumbai Indians
1216509,Sharjah Cricket Stadium,Chennai Super Kings,Delhi Capitals,179,185,39,41,73,88,67,56,Chennai Super Kings,bat,Delhi Capitals
1216510,Dubai International Cricket Stadium,Kings XI Punjab,Royal Challengers Bangalore,206,109,50,40,76,55,80,14,Royal Challengers Bangalore,field,Kings XI Punjab
1216511,Sheikh Zayed Stadium,Mumbai Indians,Rajasthan Royals,193,136,57,31,68,82,68,23,Mumbai Indians,bat,Mumbai Indians
1216512,Sheikh Zayed Stadium,Kolkata Knight Riders,Sunrisers Hyderabad,163,168,48,63,57,51,58,54,Sunrisers Hyderabad,field,NA
1216513,Dubai International Cricket Stadium,Kings XI Punjab,Chennai Super Kings,178,181,46,60,84,90,48,31,Kings XI Punjab,bat,Chennai Super Kings
1216514,Sheikh Zayed Stadium,Rajasthan Royals,Royal Challengers Bangalore,154,158,38,50,61,68,55,40,Rajasthan Royals,bat,Royal Challengers Bangalore
1216515,Sharjah Cricket Stadium,Delhi Capitals,Kolkata Knight Riders,228,210,57,59,94,78,77,73,Kolkata Knight Riders,field,Delhi Capitals
1216516,Dubai International Cricket Stadium,Sunrisers Hyderabad,Chennai Super Kings,164,157,42,36,58,43,64,78,Sunrisers Hyderabad,bat,Sunrisers Hyderabad
1216517,Dubai International Cricket Stadium,Mumbai Indians,Kings XI Punjab,176,212,43,87,71,74,62,51,Mumbai Indians,bat,NA
1216518,Dubai International Cricket Stadium,Rajasthan Royals,Sunrisers Hyderabad,154,156,47,58,58,60,49,38,Sunrisers Hyderabad,field,Sunrisers Hyderabad
1216519,Dubai International Cricket Stadium,Delhi Capitals,Royal Challengers Bangalore,196,137,63,43,71,62,62,32,Royal Challengers Bangalore,field,Delhi Capitals
1216520,Sharjah Cricket Stadium,Kolkata Knight Riders,Kings XI Punjab,149,150,54,36,60,77,35,37,Kings XI Punjab,field,Kings XI Punjab
1216521,Sharjah Cricket Stadium,Chennai Super Kings,Mumbai Indians,114,116,24,52,47,64,43,0,Mumbai Indians,field,Mumbai Indians
1216522,Dubai International Cricket Stadium,Rajasthan Royals,Royal Challengers Bangalore,177,179,52,47,67,67,58,65,Rajasthan Royals,bat,Royal Challengers Bangalore
1216523,Sheikh Zayed Stadium,Kolkata Knight Riders,Kings XI Punjab,164,162,25,47,76,70,63,45,Kolkata Knight Riders,bat,Kolkata Knight Riders
1216524,Dubai International Cricket Stadium,Sunrisers Hyderabad,Delhi Capitals,219,131,77,54,98,42,44,35,Delhi Capitals,field,Sunrisers Hyderabad
1216525,Dubai International Cricket Stadium,Royal Challengers Bangalore,Chennai Super Kings,169,132,36,26,59,70,74,36,Royal Challengers Bangalore,bat,Royal Challengers Bangalore
1216526,Sheikh Zayed Stadium,Kolkata Knight Riders,Mumbai Indians,148,149,33,51,62,75,53,23,Kolkata Knight Riders,bat,Mumbai Indians
1216527,Sharjah Cricket Stadium,Kings XI Punjab,Rajasthan Royals,223,226,60,69,112,71,51,86,Rajasthan Royals,field,Rajasthan Royals
1216528,Dubai International Cricket Stadium,Chennai Super Kings,Sunrisers Hyderabad,167,147,44,40,72,61,51,46,Chennai Super Kings,bat,Chennai Super Kings
1216529,Sheikh Zayed Stadium,Delhi Capitals,Mumbai Indians,162,166,46,44,65,86,51,36,Delhi Capitals,bat,Mumbai Indians
1216530,Dubai International Cricket Stadium,Kolkata Knight Riders,Rajasthan Royals,191,131,55,41,77,66,59,24,Rajasthan Royals,field,Kolkata Knight Riders
1216531,Sharjah Cricket Stadium,Royal Challengers Bangalore,Kings XI Punjab,171,177,57,56,65,70,49,51,Royal Challengers Bangalore,bat,Kings XI Punjab
1216532,Sheikh Zayed Stadium,Sunrisers Hyderabad,Delhi Capitals,162,147,38,34,79,70,45,43,Delhi Capitals,field,Sunrisers Hyderabad
1216533,Sheikh Zayed Stadium,Chennai Super Kings,Rajasthan Royals,125,126,43,31,46,77,36,18,Chennai Super Kings,bat,Rajasthan Royals
1216534,Dubai International Cricket Stadium,Royal Challengers Bangalore,Sunrisers Hyderabad,163,153,53,48,63,73,47,32,Sunrisers Hyderabad,field,Royal Challengers Bangalore
1216535,Dubai International Cricket Stadium,Delhi Capitals,Mumbai Indians,110,111,22,38,56,73,32,0,Mumbai Indians,field,Mumbai Indians
1216536,Dubai International Cricket Stadium,Kolkata Knight Riders,Chennai Super Kings,172,178,48,44,58,77,66,57,Chennai Super Kings,field,Chennai Super Kings
1216537,Sheikh Zayed Stadium,Kings XI Punjab,Rajasthan Royals,185,186,53,66,70,80,62,40,Rajasthan Royals,field,Rajasthan Royals
1216538,Sharjah Cricket Stadium,Mumbai Indians,Sunrisers Hyderabad,208,174,48,56,99,83,61,35,Mumbai Indians,bat,Mumbai Indians
1216539,Dubai International Cricket Stadium,Delhi Capitals,Chennai Super Kings,175,131,36,34,88,61,51,36,Chennai Super Kings,field,Delhi Capitals
1216540,Sharjah Cricket Stadium,Royal Challengers Bangalore,Kolkata Knight Riders,194,112,47,43,64,47,83,22,Royal Challengers Bangalore,bat,Royal Challengers Bangalore
1216541,Sheikh Zayed Stadium,Mumbai Indians,Rajasthan Royals,195,196,59,55,57,102,79,39,Mumbai Indians,bat,Rajasthan Royals
1216542,Dubai International Cricket Stadium,Sunrisers Hyderabad,Kings XI Punjab,201,132,58,45,102,81,41,6,Sunrisers Hyderabad,bat,Sunrisers Hyderabad
1216543,Dubai International Cricket Stadium,Delhi Capitals,Rajasthan Royals,161,148,47,50,82,73,32,25,Delhi Capitals,bat,Delhi Capitals
1216544,Dubai International Cricket Stadium,Royal Challengers Bangalore,Chennai Super Kings,145,150,46,48,55,79,44,23,Royal Challengers Bangalore,bat,Chennai Super Kings
1216545,Sheikh Zayed Stadium,Sunrisers Hyderabad,Kolkata Knight Riders,142,145,40,52,59,61,43,32,Sunrisers Hyderabad,bat,Kolkata Knight Riders
1216546,Dubai International Cricket Stadium,Delhi Capitals,Kings XI Punjab,164,167,53,57,64,84,47,26,Delhi Capitals,bat,Kings XI Punjab
1216547,Dubai International Cricket Stadium,Royal Challengers Bangalore,Mumbai Indians,201,219,59,53,64,77,78,89,Mumbai Indians,field,NA
1231146,National Stadium,Lahore Qalandars,Karachi Kings,134,135,37,43,62,71,35,21,Lahore Qalandars,bat,Karachi Kings
1237177,Dubai International Cricket Stadium,Mumbai Indians,Delhi Capitals,200,143,63,32,59,80,78,31,Delhi Capitals,field,Mumbai Indians
1237178,Sheikh Zayed Stadium,Royal Challengers Bangalore,Sunrisers Hyderabad,131,132,32,48,61,39,38,45,Sunrisers Hyderabad,field,Sunrisers Hyderabad
1237180,Sheikh Zayed Stadium,Delhi Capitals,Sunrisers Hyderabad,189,172,65,49,74,80,50,43,Delhi Capitals,bat,Delhi Capitals
1237181,Dubai International Cricket Stadium,Delhi Capitals,Mumbai Indians,156,157,41,61,77,65,38,31,Delhi Capitals,bat,Mumbai Indians
1247011,National Stadium,Quetta Gladiators,Karachi Kings,121,126,49,60,57,66,15,0,Karachi Kings,field,Karachi Kings
1247012,National Stadium,Peshawar Zalmi,Lahore Qalandars,140,143,36,38,63,72,41,33,Lahore Qalandars,field,Lahore Qalandars
1247013,National Stadium,Multan Sultans,Islamabad United,150,151,39,48,78,69,33,34,Islamabad United,field,Islamabad United
1247014,National Stadium,Quetta Gladiators,Lahore Qalandars,178,179,38,48,92,103,48,28,Lahore Qalandars,field,Lahore Qalandars
1247015,National Stadium,Multan Sultans,Peshawar Zalmi,193,197,46,56,109,96,38,45,Peshawar Zalmi,field,Peshawar Zalmi
1247016,National Stadium,Karachi Kings,Islamabad United,196,197,33,77,124,78,39,42,Islamabad United,field,Islamabad United
1247017,National Stadium,Lahore Qalandars,Multan Sultans,157,159,25,58,96,93,36,8,Multan Sultans,field,Multan Sultans
1247018,National Stadium,Quetta Gladiators,Peshawar Zalmi,198,202,42,58,109,91,47,53,Peshawar Zalmi,field,Peshawar Zalmi
1247019,National Stadium,Multan Sultans,Karachi Kings,195,198,72,68,92,99,31,31,Karachi Kings,field,Karachi Kings
1247020,National Stadium,Islamabad United,Peshawar Zalmi,118,122,47,26,69,89,2,7,Peshawar Zalmi,field,Peshawar Zalmi
1247021,National Stadium,Karachi Kings,Lahore Qalandars,186,189,53,46,109,98,24,45,Lahore Qalandars,field,Lahore Qalandars
1247022,National Stadium,Quetta Gladiators,Islamabad United,156,157,41,76,91,67,24,14,Islamabad United,field,Islamabad United
1247023,National Stadium,Peshawar Zalmi,Karachi Kings,188,191,39,37,81,114,68,40,Karachi Kings,field,Karachi Kings
1247024,National Stadium,Quetta Gladiators,Multan Sultans,176,154,55,53,81,71,40,30,Multan Sultans,field,Quetta Gladiators
1247025,"Sheikh Zayed Stadium, Abu Dhabi",Multan Sultans,Karachi Kings,176,164,60,31,75,84,41,49,Karachi Kings,field,Multan Sultans
1247026,"Sheikh Zayed Stadium, Abu Dhabi",Lahore Qalandars,Peshawar Zalmi,170,160,18,33,92,82,60,45,Peshawar Zalmi,field,Lahore Qalandars
1247027,"Sheikh Zayed Stadium, Abu Dhabi",Islamabad United,Lahore Qalandars,143,144,43,38,58,66,42,40,Lahore Qalandars,field,Lahore Qalandars
1247028,"Sheikh Zayed Stadium, Abu Dhabi",Quetta Gladiators,Islamabad United,133,137,36,97,78,40,19,0,Islamabad United,field,Islamabad United
1247029,"Sheikh Zayed Stadium, Abu Dhabi",Islamabad United,Lahore Qalandars,152,124,20,55,96,49,36,20,Islamabad United,bat,Islamabad United
1247030,"Sheikh Zayed Stadium, Abu Dhabi",Peshawar Zalmi,Quetta Gladiators,197,136,22,43,128,63,47,30,Quetta Gladiators,field,Peshawar Zalmi
1247031,"Sheikh Zayed Stadium, Abu Dhabi",Peshawar Zalmi,Multan Sultans,166,167,52,59,66,96,48,12,Multan Sultans,field,Multan Sultans
1247032,"Sheikh Zayed Stadium, Abu Dhabi",Karachi Kings,Islamabad United,190,191,56,43,89,115,45,33,Islamabad United,field,Islamabad United
1247033,"Sheikh Zayed Stadium, Abu Dhabi",Quetta Gladiators,Lahore Qalandars,158,140,44,40,76,77,38,23,Lahore Qalandars,field,Quetta Gladiators
1247034,"Sheikh Zayed Stadium, Abu Dhabi",Karachi Kings,Peshawar Zalmi,108,109,33,76,40,33,35,0,Peshawar Zalmi,field,Peshawar Zalmi
1247035,"Sheikh Zayed Stadium, Abu Dhabi",Multan Sultans,Quetta Gladiators,183,73,50,36,84,37,49,0,Quetta Gladiators,field,Multan Sultans
1247036,"Sheikh Zayed Stadium, Abu Dhabi",Islamabad United,Peshawar Zalmi,247,232,54,55,129,129,64,48,Peshawar Zalmi,field,Islamabad United
1247037,"Sheikh Zayed Stadium, Abu Dhabi",Karachi Kings,Lahore Qalandars,176,169,43,49,89,64,44,56,Karachi Kings,bat,Karachi Kings
1247038,"Sheikh Zayed Stadium, Abu Dhabi",Multan Sultans,Lahore Qalandars,169,89,50,34,81,55,38,0,Lahore Qalandars,field,Multan Sultans
1247039,"Sheikh Zayed Stadium, Abu Dhabi",Karachi Kings,Quetta Gladiators,176,162,42,44,67,74,67,44,Karachi Kings,bat,Karachi Kings
1247040,"Sheikh Zayed Stadium, Abu Dhabi",Multan Sultans,Islamabad United,149,150,61,54,72,79,16,17,Islamabad United,field,Islamabad United
1247041,"Sheikh Zayed Stadium, Abu Dhabi",Multan Sultans,Islamabad United,180,149,44,38,88,87,48,24,Multan Sultans,bat,Multan Sultans
1247042,"Sheikh Zayed Stadium, Abu Dhabi",Karachi Kings,Peshawar Zalmi,175,176,41,55,86,88,48,33,Peshawar Zalmi,field,Peshawar Zalmi
1247043,"Sheikh Zayed Stadium, Abu Dhabi",Islamabad United,Peshawar Zalmi,174,177,57,48,53,114,64,15,Peshawar Zalmi,field,Peshawar Zalmi
1247044,"Sheikh Zayed Stadium, Abu Dhabi",Multan Sultans,Peshawar Zalmi,206,159,42,42,108,107,56,10,Peshawar Zalmi,field,Multan Sultans
1254058,"MA Chidambaram Stadium, Chepauk, Chennai",Mumbai Indians,Royal Challengers Bangalore,159,160,41,46,87,60,31,54,Royal Challengers Bangalore,field,Royal Challengers Bangalore
1254059,"Wankhede Stadium, Mumbai",Chennai Super Kings,Delhi Capitals,188,190,33,65,103,86,52,39,Delhi Capitals,field,Delhi Capitals
1254060,"MA Chidambaram Stadium, Chepauk, Chennai",Kolkata Knight Riders,Sunrisers Hyderabad,187,177,50,35,95,84,42,58,Sunrisers Hyderabad,field,Kolkata Knight Riders
1254061,"Wankhede Stadium, Mumbai",Punjab Kings,Rajasthan Royals,221,217,46,59,115,95,60,63,Rajasthan Royals,field,Punjab Kings
1254062,"MA Chidambaram Stadium, Chepauk, Chennai",Mumbai Indians,Kolkata Knight Riders,152,142,42,45,72,77,38,20,Kolkata Knight Riders,field,Mumbai Indians
1254063,"MA Chidambaram Stadium, Chepauk, Chennai",Royal Challengers Bangalore,Sunrisers Hyderabad,149,143,47,50,56,58,46,35,Sunrisers Hyderabad,field,Royal Challengers Bangalore
1254064,"Wankhede Stadium, Mumbai",Delhi Capitals,Rajasthan Royals,147,150,36,26,66,64,45,60,Rajasthan Royals,field,Rajasthan Royals
1254065,"Wankhede Stadium, Mumbai",Punjab Kings,Chennai Super Kings,106,107,26,32,47,70,33,5,Chennai Super Kings,field,Chennai Super Kings
1254066,"MA Chidambaram Stadium, Chepauk, Chennai",Mumbai Indians,Sunrisers Hyderabad,150,137,53,57,48,47,49,33,Mumbai Indians,bat,Mumbai Indians
1254067,"MA Chidambaram Stadium, Chepauk, Chennai",Royal Challengers Bangalore,Kolkata Knight Riders,204,166,45,57,89,64,70,45,Royal Challengers Bangalore,bat,Royal Challengers Bangalore
1254068,"Wankhede Stadium, Mumbai",Punjab Kings,Delhi Capitals,195,198,59,62,81,90,55,46,Delhi Capitals,field,Delhi Capitals
1254069,"Wankhede Stadium, Mumbai",Chennai Super Kings,Rajasthan Royals,188,143,46,45,81,52,61,46,Rajasthan Royals,field,Chennai Super Kings
1254070,"MA Chidambaram Stadium, Chepauk, Chennai",Mumbai Indians,Delhi Capitals,137,138,55,39,46,62,36,37,Mumbai Indians,bat,Delhi Capitals
1254071,"MA Chidambaram Stadium, Chepauk, Chennai",Punjab Kings,Sunrisers Hyderabad,120,121,32,50,62,45,26,26,Punjab Kings,bat,Sunrisers Hyderabad
1254072,"Wankhede Stadium, Mumbai",Chennai Super Kings,Kolkata Knight Riders,220,202,54,45,90,101,76,56,Kolkata Knight Riders,field,Chennai Super Kings
1254073,"Wankhede Stadium, Mumbai",Rajasthan Royals,Royal Challengers Bangalore,177,181,32,59,96,103,49,19,Royal Challengers Bangalore,field,Royal Challengers Bangalore
1254074,"MA Chidambaram Stadium, Chepauk, Chennai",Mumbai Indians,Punjab Kings,131,132,21,45,76,54,34,33,Punjab Kings,field,Punjab Kings
1254075,"Wankhede Stadium, Mumbai",Kolkata Knight Riders,Rajasthan Royals,133,134,25,50,68,54,40,30,Rajasthan Royals,field,Rajasthan Royals
1254076,"Wankhede Stadium, Mumbai",Chennai Super Kings,Royal Challengers Bangalore,191,122,51,65,66,30,74,27,Chennai Super Kings,bat,Chennai Super Kings
1254077,"MA Chidambaram Stadium, Chepauk, Chennai",Delhi Capitals,Sunrisers Hyderabad,159,174,51,71,65,54,43,49,Delhi Capitals,bat,NA
1254078,"Narendra Modi Stadium, Ahmedabad",Punjab Kings,Kolkata Knight Riders,123,126,37,42,45,60,41,24,Kolkata Knight Riders,field,Kolkata Knight Riders
1254079,"Narendra Modi Stadium, Ahmedabad",Royal Challengers Bangalore,Delhi Capitals,171,170,36,43,79,68,56,59,Delhi Capitals,field,Royal Challengers Bangalore
1254080,"Arun Jaitley Stadium, Delhi",Sunrisers Hyderabad,Chennai Super Kings,171,173,39,50,74,98,58,25,Sunrisers Hyderabad,bat,Chennai Super Kings
1254081,"Arun Jaitley Stadium, Delhi",Rajasthan Royals,Mumbai Indians,171,172,47,49,79,82,45,41,Mumbai Indians,field,Mumbai Indians
1254082,"Narendra Modi Stadium, Ahmedabad",Kolkata Knight Riders,Delhi Capitals,154,156,45,67,50,79,59,10,Delhi Capitals,field,Delhi Capitals
1254083,"Narendra Modi Stadium, Ahmedabad",Punjab Kings,Royal Challengers Bangalore,179,145,49,36,70,56,60,53,Royal Challengers Bangalore,field,Punjab Kings
1254084,"Arun Jaitley Stadium, Delhi",Chennai Super Kings,Mumbai Indians,218,219,49,58,87,95,82,66,Mumbai Indians,field,Mumbai Indians
1254085,"Arun Jaitley Stadium, Delhi",Rajasthan Royals,Sunrisers Hyderabad,220,165,42,57,104,72,74,36,Sunrisers Hyderabad,field,Rajasthan Royals
1254086,"Narendra Modi Stadium, Ahmedabad",Punjab Kings,Delhi Capitals,166,167,39,63,63,76,64,28,Delhi Capitals,field,Delhi Capitals
1254087,"Zayed Cricket Stadium, Abu Dhabi",Royal Challengers Bangalore,Kolkata Knight Riders,92,94,41,56,34,38,17,0,Royal Challengers Bangalore,bat,Kolkata Knight Riders
1254088,"Zayed Cricket Stadium, Abu Dhabi",Mumbai Indians,Sunrisers Hyderabad,235,193,83,70,94,86,58,37,Mumbai Indians,bat,Mumbai Indians
1254089,"Zayed Cricket Stadium, Abu Dhabi",Chennai Super Kings,Rajasthan Royals,189,190,44,81,72,84,73,25,Rajasthan Royals,field,Rajasthan Royals
1254090,Sharjah Cricket Stadium,Royal Challengers Bangalore,Punjab Kings,164,158,55,49,54,64,55,45,Royal Challengers Bangalore,bat,Royal Challengers Bangalore
1254091,Sharjah Cricket Stadium,Sunrisers Hyderabad,Chennai Super Kings,134,139,41,47,56,58,37,34,Chennai Super Kings,field,Chennai Super Kings
1254092,Sharjah Cricket Stadium,Delhi Capitals,Kolkata Knight Riders,127,130,39,44,50,54,38,32,Kolkata Knight Riders,field,Kolkata Knight Riders
1254093,Sharjah Cricket Stadium,Rajasthan Royals,Mumbai Indians,90,94,41,56,30,38,19,0,Mumbai Indians,field,Mumbai Indians
1254094,Dubai International Cricket Stadium,Chennai Super Kings,Punjab Kings,134,139,30,51,52,88,52,0,Punjab Kings,field,Punjab Kings
1254095,"Zayed Cricket Stadium, Abu Dhabi",Sunrisers Hyderabad,Royal Challengers Bangalore,141,137,50,37,57,61,34,39,Royal Challengers Bangalore,field,Sunrisers Hyderabad
1254096,"Zayed Cricket Stadium, Abu Dhabi",Mumbai Indians,Kolkata Knight Riders,155,159,56,63,50,92,49,4,Kolkata Knight Riders,field,Kolkata Knight Riders
1254097,"Zayed Cricket Stadium, Abu Dhabi",Delhi Capitals,Rajasthan Royals,154,121,36,21,68,61,50,39,Rajasthan Royals,field,Delhi Capitals
1254098,"Zayed Cricket Stadium, Abu Dhabi",Kolkata Knight Riders,Chennai Super Kings,171,172,50,52,68,75,53,45,Kolkata Knight Riders,bat,Chennai Super Kings
1254099,"Zayed Cricket Stadium, Abu Dhabi",Punjab Kings,Mumbai Indians,135,137,38,30,67,62,30,45,Mumbai Indians,field,Mumbai Indians
1254100,Dubai International Cricket Stadium,Rajasthan Royals,Sunrisers Hyderabad,164,167,49,63,64,68,51,36,Rajasthan Royals,bat,Sunrisers Hyderabad
1254101,Dubai International Cricket Stadium,Delhi Capitals,Royal Challengers Bangalore,164,166,55,29,73,79,36,58,Royal Challengers Bangalore,field,Royal Challengers Bangalore
1254102,Dubai International Cricket Stadium,Kolkata Knight Riders,Punjab Kings,165,168,48,46,73,75,44,47,Punjab Kings,field,Punjab Kings
1254103,Dubai International Cricket Stadium,Rajasthan Royals,Royal Challengers Bangalore,149,153,56,54,64,69,29,30,Royal Challengers Bangalore,field,Royal Challengers Bangalore
1254104,Dubai International Cricket Stadium,Chennai Super Kings,Mumbai Indians,156,136,24,41,63,56,69,39,Chennai Super Kings,bat,Chennai Super Kings
1254105,Dubai International Cricket Stadium,Sunrisers Hyderabad,Delhi Capitals,134,139,32,39,58,60,44,40,Sunrisers Hyderabad,bat,Delhi Capitals
1254106,Sharjah Cricket Stadium,Kolkata Knight Riders,Rajasthan Royals,171,85,34,17,93,66,44,2,Rajasthan Royals,field,Kolkata Knight Riders
1254107,Sharjah Cricket Stadium,Punjab Kings,Sunrisers Hyderabad,125,120,29,20,64,55,32,45,Sunrisers Hyderabad,field,Punjab Kings
1254108,Dubai International Cricket Stadium,Royal Challengers Bangalore,Mumbai Indians,165,111,48,56,71,43,46,12,Mumbai Indians,field,Royal Challengers Bangalore
1254109,Dubai International Cricket Stadium,Sunrisers Hyderabad,Kolkata Knight Riders,115,119,35,36,44,48,36,35,Sunrisers Hyderabad,bat,Kolkata Knight Riders
1254110,Dubai International Cricket Stadium,Chennai Super Kings,Delhi Capitals,136,139,48,51,45,48,43,40,Delhi Capitals,field,Delhi Capitals
1254111,Dubai International Cricket Stadium,Rajasthan Royals,Punjab Kings,185,183,57,49,83,99,45,35,Punjab Kings,field,Rajasthan Royals
1254112,Sharjah Cricket Stadium,Mumbai Indians,Delhi Capitals,129,132,35,46,52,54,42,32,Delhi Capitals,field,Delhi Capitals
1254113,Sharjah Cricket Stadium,Royal Challengers Bangalore,Chennai Super Kings,156,157,55,59,63,66,38,32,Chennai Super Kings,field,Chennai Super Kings
1254114,Dubai International Cricket Stadium,Delhi Capitals,Chennai Super Kings,172,173,51,59,63,62,58,52,Chennai Super Kings,field,Chennai Super Kings
1254115,Sharjah Cricket Stadium,Royal Challengers Bangalore,Kolkata Knight Riders,138,139,53,48,55,64,30,27,Royal Challengers Bangalore,bat,Kolkata Knight Riders
1254116,Sharjah Cricket Stadium,Delhi Capitals,Kolkata Knight Riders,135,136,38,51,52,62,45,23,Kolkata Knight Riders,field,Kolkata Knight Riders
1254117,Dubai International Cricket Stadium,Chennai Super Kings,Kolkata Knight Riders,192,165,50,55,81,65,61,45,Kolkata Knight Riders,field,Chennai Super Kings
1293000,"National Stadium, Karachi",Karachi Kings,Multan Sultans,124,126,41,44,62,65,21,17,Multan Sultans,field,Multan Sultans
1293001,"National Stadium, Karachi",Quetta Gladiators,Peshawar Zalmi,190,191,62,62,94,91,34,38,Peshawar Zalmi,field,Peshawar Zalmi
1293002,"National Stadium, Karachi",Lahore Qalandars,Multan Sultans,206,209,67,66,85,96,54,47,Multan Sultans,field,Multan Sultans
1293003,"National Stadium, Karachi",Karachi Kings,Quetta Gladiators,113,114,33,51,67,63,13,0,Quetta Gladiators,field,Quetta Gladiators
1293004,"National Stadium, Karachi",Peshawar Zalmi,Islamabad United,168,172,35,78,87,94,46,0,Islamabad United,field,Islamabad United
1293005,"National Stadium, Karachi",Karachi Kings,Lahore Qalandars,170,174,48,52,89,78,33,44,Lahore Qalandars,field,Lahore Qalandars
1293006,"National Stadium, Karachi",Multan Sultans,Quetta Gladiators,174,168,46,48,78,77,50,43,Quetta Gladiators,field,Multan Sultans
1293007,"National Stadium, Karachi",Multan Sultans,Islamabad United,217,197,43,69,102,94,72,34,Islamabad United,field,Multan Sultans
1293008,"National Stadium, Karachi",Lahore Qalandars,Peshawar Zalmi,199,170,61,48,82,86,56,36,Peshawar Zalmi,field,Lahore Qalandars
1293009,"National Stadium, Karachi",Islamabad United,Quetta Gladiators,229,186,81,54,102,89,46,43,Quetta Gladiators,field,Islamabad United
1293010,"National Stadium, Karachi",Peshawar Zalmi,Karachi Kings,173,164,53,43,73,79,47,42,Karachi Kings,field,Peshawar Zalmi
1293011,"National Stadium, Karachi",Lahore Qalandars,Islamabad United,174,166,73,52,54,86,47,28,Islamabad United,field,Lahore Qalandars
1293012,"National Stadium, Karachi",Multan Sultans,Peshawar Zalmi,222,165,61,57,99,62,62,46,Peshawar Zalmi,field,Multan Sultans
1293013,"National Stadium, Karachi",Islamabad United,Karachi Kings,177,135,53,35,82,73,42,27,Islamabad United,bat,Islamabad United
1293014,"National Stadium, Karachi",Lahore Qalandars,Quetta Gladiators,204,207,44,74,95,98,65,35,Quetta Gladiators,field,Quetta Gladiators
1293015,"Gaddafi Stadium, Lahore",Multan Sultans,Peshawar Zalmi,182,140,53,42,82,67,47,31,Peshawar Zalmi,field,Multan Sultans
1293016,"Gaddafi Stadium, Lahore",Lahore Qalandars,Multan Sultans,182,130,56,38,74,72,52,20,Multan Sultans,field,Lahore Qalandars
1293017,"Gaddafi Stadium, Lahore",Islamabad United,Quetta Gladiators,199,203,58,72,85,71,56,60,Quetta Gladiators,field,Quetta Gladiators
1293018,"Gaddafi Stadium, Lahore",Peshawar Zalmi,Karachi Kings,193,138,51,33,91,81,51,24,Karachi Kings,field,Peshawar Zalmi
1293019,"Gaddafi Stadium, Lahore",Quetta Gladiators,Lahore Qalandars,141,143,39,41,67,78,35,24,Lahore Qalandars,field,Lahore Qalandars
1293020,"Gaddafi Stadium, Lahore",Islamabad United,Karachi Kings,191,190,47,49,95,88,49,53,Karachi Kings,field,Islamabad United
1293021,"Gaddafi Stadium, Lahore",Peshawar Zalmi,Quetta Gladiators,185,161,53,50,81,76,51,35,Peshawar Zalmi,bat,Peshawar Zalmi
1293022,"Gaddafi Stadium, Lahore",Karachi Kings,Multan Sultans,174,176,40,44,89,79,45,53,Karachi Kings,bat,Multan Sultans
1293023,"Gaddafi Stadium, Lahore",Peshawar Zalmi,Islamabad United,206,196,74,68,96,95,36,33,Peshawar Zalmi,bat,Peshawar Zalmi
1293024,"Gaddafi Stadium, Lahore",Multan Sultans,Quetta Gladiators,245,128,64,66,120,62,61,0,Multan Sultans,bat,Multan Sultans
1293025,"Gaddafi Stadium, Lahore",Karachi Kings,Lahore Qalandars,149,127,47,31,70,64,32,32,Karachi Kings,bat,Karachi Kings
1293026,"Gaddafi Stadium, Lahore",Lahore Qalandars,Islamabad United,197,131,48,59,98,55,51,17,Lahore Qalandars,bat,Lahore Qalandars
1293027,"Gaddafi Stadium, Lahore",Quetta Gladiators,Karachi Kings,166,143,46,51,79,70,41,22,Quetta Gladiators,bat,Quetta Gladiators
1293028,"Gaddafi Stadium, Lahore",Islamabad United,Multan Sultans,105,111,41,31,34,60,30,20,Islamabad United,bat,Multan Sultans
1293029,"Gaddafi Stadium, Lahore",Peshawar Zalmi,Lahore Qalandars,158,158,51,53,75,56,32,49,Peshawar Zalmi,bat,
1293030,"Gaddafi Stadium, Lahore",Multan Sultans,Lahore Qalandars,163,135,45,38,75,74,43,23,Lahore Qalandars,field,Multan Sultans
1293031,"Gaddafi Stadium, Lahore",Peshawar Zalmi,Islamabad United,169,170,46,53,82,71,41,46,Peshawar Zalmi,bat,Islamabad United
1293032,"Gaddafi Stadium, Lahore",Lahore Qalandars,Islamabad United,168,162,36,47,84,87,48,28,Lahore Qalandars,bat,Lahore Qalandars
1293033,"Gaddafi Stadium, Lahore",Lahore Qalandars,Multan Sultans,180,138,41,45,72,69,67,24,Lahore Qalandars,bat,Lahore Qalandars
1304047,"Wankhede Stadium, Mumbai",Chennai Super Kings,Kolkata Knight Riders,131,133,35,43,38,61,58,29,Kolkata Knight Riders,field,Kolkata Knight Riders
1304048,"Brabourne Stadium, Mumbai",Mumbai Indians,Delhi Capitals,177,179,53,46,65,76,59,57,Delhi Capitals,field,Delhi Capitals
1304049,"Dr DY Patil Sports Academy, Mumbai",Royal Challengers Bangalore,Punjab Kings,205,208,41,63,101,93,63,52,Punjab Kings,field,Punjab Kings
1304050,"Wankhede Stadium, Mumbai",Lucknow Super Giants,Gujarat Titans,158,161,32,44,77,47,49,70,Gujarat Titans,field,Gujarat Titans
1304051,"Maharashtra Cricket Association Stadium, Pune",Rajasthan Royals,Sunrisers Hyderabad,210,149,58,14,90,63,62,72,Sunrisers Hyderabad,field,Rajasthan Royals
1304052,"Dr DY Patil Sports Academy, Mumbai",Kolkata Knight Riders,Royal Challengers Bangalore,128,132,44,36,57,57,27,39,Royal Challengers Bangalore,field,Royal Challengers Bangalore
1304053,"Brabourne Stadium, Mumbai",Chennai Super Kings,Lucknow Super Giants,210,211,73,55,74,89,63,67,Lucknow Super Giants,field,Lucknow Super Giants
1304054,"Wankhede Stadium, Mumbai",Punjab Kings,Kolkata Knight Riders,137,141,62,51,40,90,35,0,Kolkata Knight Riders,field,Kolkata Knight Riders
1304055,"Dr DY Patil Sports Academy, Mumbai",Rajasthan Royals,Mumbai Indians,193,170,48,50,90,86,55,34,Mumbai Indians,field,Rajasthan Royals
1304056,"Maharashtra Cricket Association Stadium, Pune",Gujarat Titans,Delhi Capitals,171,157,44,43,76,83,51,31,Delhi Capitals,field,Gujarat Titans
1304057,"Brabourne Stadium, Mumbai",Punjab Kings,Chennai Super Kings,180,126,72,27,75,71,33,28,Chennai Super Kings,field,Punjab Kings
1304058,"Dr DY Patil Sports Academy, Mumbai",Lucknow Super Giants,Sunrisers Hyderabad,169,157,32,40,82,80,55,37,Sunrisers Hyderabad,field,Lucknow Super Giants
1304059,"Wankhede Stadium, Mumbai",Rajasthan Royals,Royal Challengers Bangalore,169,173,35,48,68,77,66,48,Royal Challengers Bangalore,field,Royal Challengers Bangalore
1304060,"Maharashtra Cricket Association Stadium, Pune",Mumbai Indians,Kolkata Knight Riders,161,162,35,35,50,92,76,35,Kolkata Knight Riders,field,Kolkata Knight Riders
1304061,"Dr DY Patil Sports Academy, Mumbai",Delhi Capitals,Lucknow Super Giants,149,155,52,48,47,63,50,44,Lucknow Super Giants,field,Lucknow Super Giants
1304062,"Brabourne Stadium, Mumbai",Punjab Kings,Gujarat Titans,189,190,43,53,109,81,37,56,Gujarat Titans,field,Gujarat Titans
1304063,"Dr DY Patil Sports Academy, Mumbai",Chennai Super Kings,Sunrisers Hyderabad,154,155,41,37,67,84,46,34,Sunrisers Hyderabad,field,Sunrisers Hyderabad
1304064,"Maharashtra Cricket Association Stadium, Pune",Mumbai Indians,Royal Challengers Bangalore,151,152,49,30,43,81,59,41,Royal Challengers Bangalore,field,Royal Challengers Bangalore
1304065,"Brabourne Stadium, Mumbai",Delhi Capitals,Kolkata Knight Riders,215,171,68,43,93,94,54,34,Kolkata Knight Riders,field,Delhi Capitals
1304066,"Wankhede Stadium, Mumbai",Rajasthan Royals,Lucknow Super Giants,165,162,44,31,48,66,73,65,Lucknow Super Giants,field,Rajasthan Royals
1304067,"Dr DY Patil Sports Academy, Mumbai",Gujarat Titans,Sunrisers Hyderabad,162,168,51,42,67,74,44,52,Sunrisers Hyderabad,field,Sunrisers Hyderabad
1304068,"Dr DY Patil Sports Academy, Mumbai",Chennai Super Kings,Royal Challengers Bangalore,216,193,35,42,98,98,83,53,Royal Challengers Bangalore,field,Chennai Super Kings
1304069,"Maharashtra Cricket Association Stadium, Pune",Punjab Kings,Mumbai Indians,198,186,65,42,67,104,66,40,Mumbai Indians,field,Punjab Kings
1304070,"Dr DY Patil Sports Academy, Mumbai",Gujarat Titans,Rajasthan Royals,192,155,42,65,88,65,62,25,Rajasthan Royals,field,Gujarat Titans
1304071,"Brabourne Stadium, Mumbai",Kolkata Knight Riders,Sunrisers Hyderabad,175,176,38,46,82,94,55,36,Sunrisers Hyderabad,field,Sunrisers Hyderabad
1304072,"Brabourne Stadium, Mumbai",Lucknow Super Giants,Mumbai Indians,199,181,57,57,93,68,49,56,Mumbai Indians,field,Lucknow Super Giants
1304073,"Wankhede Stadium, Mumbai",Royal Challengers Bangalore,Delhi Capitals,189,173,40,57,75,58,74,58,Delhi Capitals,field,Royal Challengers Bangalore
1304074,"Dr DY Patil Sports Academy, Mumbai",Punjab Kings,Sunrisers Hyderabad,151,152,48,39,74,72,29,41,Sunrisers Hyderabad,field,Sunrisers Hyderabad
1304075,"Maharashtra Cricket Association Stadium, Pune",Chennai Super Kings,Gujarat Titans,169,170,39,37,86,71,44,62,Gujarat Titans,field,Gujarat Titans
1304076,"Brabourne Stadium, Mumbai",Rajasthan Royals,Kolkata Knight Riders,217,210,60,57,103,110,54,43,Kolkata Knight Riders,field,Rajasthan Royals
1304077,"Dr DY Patil Sports Academy, Mumbai",Royal Challengers Bangalore,Lucknow Super Giants,181,163,47,44,83,73,51,46,Lucknow Super Giants,field,Royal Challengers Bangalore
1304078,"Brabourne Stadium, Mumbai",Punjab Kings,Delhi Capitals,115,119,47,81,49,38,19,0,Delhi Capitals,field,Delhi Capitals
1304079,"Dr DY Patil Sports Academy, Mumbai",Mumbai Indians,Chennai Super Kings,155,156,42,46,58,57,55,53,Chennai Super Kings,field,Chennai Super Kings
1304080,"Wankhede Stadium, Mumbai",Rajasthan Royals,Delhi Capitals,222,207,44,55,111,94,67,58,Delhi Capitals,field,Rajasthan Royals
1304081,"Dr DY Patil Sports Academy, Mumbai",Gujarat Titans,Kolkata Knight Riders,156,148,47,34,80,73,29,41,Gujarat Titans,bat,Gujarat Titans
1304082,"Brabourne Stadium, Mumbai",Royal Challengers Bangalore,Sunrisers Hyderabad,68,72,31,56,34,16,3,0,Sunrisers Hyderabad,field,Sunrisers Hyderabad
1304083,"Wankhede Stadium, Mumbai",Lucknow Super Giants,Mumbai Indians,168,132,32,43,84,55,52,34,Mumbai Indians,field,Lucknow Super Giants
1304084,"Wankhede Stadium, Mumbai",Punjab Kings,Chennai Super Kings,187,176,37,32,86,86,64,58,Chennai Super Kings,field,Punjab Kings
1304085,"Maharashtra Cricket Association Stadium, Pune",Rajasthan Royals,Royal Challengers Bangalore,144,115,43,37,57,53,44,25,Royal Challengers Bangalore,field,Rajasthan Royals
1304086,"Wankhede Stadium, Mumbai",Sunrisers Hyderabad,Gujarat Titans,195,199,53,59,87,76,55,64,Gujarat Titans,field,Gujarat Titans
1304087,"Wankhede Stadium, Mumbai",Kolkata Knight Riders,Delhi Capitals,146,150,29,47,60,66,57,37,Delhi Capitals,field,Delhi Capitals
1304088,"Maharashtra Cricket Association Stadium, Pune",Lucknow Super Giants,Punjab Kings,153,133,39,46,70,57,44,30,Punjab Kings,field,Lucknow Super Giants
1304089,"Brabourne Stadium, Mumbai",Royal Challengers Bangalore,Gujarat Titans,170,174,43,46,74,67,53,61,Royal Challengers Bangalore,bat,Gujarat Titans
1304090,"Dr DY Patil Sports Academy, Mumbai",Rajasthan Royals,Mumbai Indians,158,161,40,41,62,81,56,39,Mumbai Indians,field,Mumbai Indians
1304091,"Wankhede Stadium, Mumbai",Lucknow Super Giants,Delhi Capitals,195,189,57,66,88,69,50,54,Lucknow Super Giants,bat,Lucknow Super Giants
1304092,"Maharashtra Cricket Association Stadium, Pune",Chennai Super Kings,Sunrisers Hyderabad,202,189,40,58,113,73,49,58,Sunrisers Hyderabad,field,Chennai Super Kings
1304093,"Wankhede Stadium, Mumbai",Rajasthan Royals,Kolkata Knight Riders,152,158,38,32,67,75,47,51,Kolkata Knight Riders,field,Kolkata Knight Riders
1304094,"Dr DY Patil Sports Academy, Mumbai",Gujarat Titans,Punjab Kings,143,145,42,43,56,74,45,28,Gujarat Titans,bat,Punjab Kings
1304095,"Maharashtra Cricket Association Stadium, Pune",Royal Challengers Bangalore,Chennai Super Kings,173,160,57,51,66,67,50,42,Chennai Super Kings,field,Royal Challengers Bangalore
1304096,"Brabourne Stadium, Mumbai",Delhi Capitals,Sunrisers Hyderabad,207,186,50,35,87,99,70,52,Sunrisers Hyderabad,field,Delhi Capitals
1304097,"Brabourne Stadium, Mumbai",Mumbai Indians,Gujarat Titans,177,172,63,54,57,76,57,42,Gujarat Titans,field,Mumbai Indians
1304098,"Wankhede Stadium, Mumbai",Punjab Kings,Rajasthan Royals,189,190,48,67,74,76,67,47,Punjab Kings,bat,Rajasthan Royals
1304099,"Maharashtra Cricket Association Stadium, Pune",Lucknow Super Giants,Kolkata Knight Riders,176,101,66,25,57,76,53,0,Kolkata Knight Riders,field,Lucknow Super Giants
1304100,"Wankhede Stadium, Mumbai",Royal Challengers Bangalore,Sunrisers Hyderabad,192,125,47,39,78,72,67,14,Royal Challengers Bangalore,bat,Royal Challengers Bangalore
1304101,"Dr DY Patil Sports Academy, Mumbai",Chennai Super Kings,Delhi Capitals,208,117,57,59,91,40,60,18,Delhi Capitals,field,Chennai Super Kings
1304102,"Dr DY Patil Sports Academy, Mumbai",Kolkata Knight Riders,Mumbai Indians,165,113,64,37,76,65,25,11,Mumbai Indians,field,Kolkata Knight Riders
1304103,"Maharashtra Cricket Association Stadium, Pune",Gujarat Titans,Lucknow Super Giants,144,82,35,37,57,45,52,0,Gujarat Titans,bat,Gujarat Titans
1304104,"Dr DY Patil Sports Academy, Mumbai",Rajasthan Royals,Delhi Capitals,160,161,43,38,73,76,44,47,Delhi Capitals,field,Delhi Capitals
1304105,"Wankhede Stadium, Mumbai",Chennai Super Kings,Mumbai Indians,97,103,32,36,55,67,10,0,Mumbai Indians,field,Mumbai Indians
1304106,"Brabourne Stadium, Mumbai",Punjab Kings,Royal Challengers Bangalore,209,155,83,44,69,76,57,35,Royal Challengers Bangalore,field,Punjab Kings
1304107,"Maharashtra Cricket Association Stadium, Pune",Kolkata Knight Riders,Sunrisers Hyderabad,177,123,55,31,64,69,58,23,Kolkata Knight Riders,bat,Kolkata Knight Riders
1304108,"Wankhede Stadium, Mumbai",Chennai Super Kings,Gujarat Titans,133,137,47,53,62,55,24,29,Chennai Super Kings,bat,Gujarat Titans
1304109,"Brabourne Stadium, Mumbai",Rajasthan Royals,Lucknow Super Giants,178,154,51,34,79,73,48,47,Rajasthan Royals,bat,Rajasthan Royals
1304110,"Dr DY Patil Sports Academy, Mumbai",Delhi Capitals,Punjab Kings,159,142,59,54,57,47,43,41,Punjab Kings,field,Delhi Capitals
1304111,"Wankhede Stadium, Mumbai",Sunrisers Hyderabad,Mumbai Indians,193,190,57,51,91,76,45,63,Mumbai Indians,field,Sunrisers Hyderabad
1304112,"Dr DY Patil Sports Academy, Mumbai",Lucknow Super Giants,Kolkata Knight Riders,210,208,44,60,78,74,88,74,Lucknow Super Giants,bat,Lucknow Super Giants
1304113,"Wankhede Stadium, Mumbai",Gujarat Titans,Royal Challengers Bangalore,168,170,38,55,80,66,50,49,Gujarat Titans,bat,Royal Challengers Bangalore
1304114,"Brabourne Stadium, Mumbai",Chennai Super Kings,Rajasthan Royals,150,151,75,52,42,52,33,47,Chennai Super Kings,bat,Rajasthan Royals
1304115,"Wankhede Stadium, Mumbai",Delhi Capitals,Mumbai Indians,159,160,37,27,69,74,53,59,Mumbai Indians,field,Mumbai Indians
1304116,"Wankhede Stadium, Mumbai",Sunrisers Hyderabad,Punjab Kings,157,160,43,62,53,94,61,4,Sunrisers Hyderabad,bat,Punjab Kings
1312197,"Eden Gardens, Kolkata",Rajasthan Royals,Gujarat Titans,188,191,55,64,69,75,64,52,Gujarat Titans,field,Gujarat Titans
1312198,"Eden Gardens, Kolkata",Royal Challengers Bangalore,Lucknow Super Giants,207,193,52,62,71,81,84,50,Lucknow Super Giants,field,Royal Challengers Bangalore
1312199,"Narendra Modi Stadium, Ahmedabad",Royal Challengers Bangalore,Rajasthan Royals,157,161,46,67,77,59,34,35,Rajasthan Royals,field,Rajasthan Royals
1312200,"Narendra Modi Stadium, Ahmedabad",Rajasthan Royals,Gujarat Titans,130,133,44,31,50,66,36,36,Rajasthan Royals,bat,Gujarat Titans
1354924,Multan Cricket Stadium,Lahore Qalandars,Multan Sultans,175,174,50,53,80,81,45,40,Multan Sultans,field,Lahore Qalandars
1354925,"National Stadium, Karachi",Peshawar Zalmi,Karachi Kings,199,197,58,46,104,101,37,50,Karachi Kings,field,Peshawar Zalmi
1354926,Multan Cricket Stadium,Quetta Gladiators,Multan Sultans,110,111,38,45,48,66,24,0,Multan Sultans,field,Multan Sultans
1354927,"National Stadium, Karachi",Karachi Kings,Islamabad United,173,178,55,45,71,106,47,27,Islamabad United,field,Islamabad United
1354928,Multan Cricket Stadium,Multan Sultans,Peshawar Zalmi,210,154,50,61,104,81,56,12,Peshawar Zalmi,field,Multan Sultans
1354929,"National Stadium, Karachi",Quetta Gladiators,Karachi Kings,168,162,23,45,80,71,65,46,Karachi Kings,field,Quetta Gladiators
1354930,Multan Cricket Stadium,Multan Sultans,Islamabad United,190,138,51,55,89,72,50,11,Islamabad United,field,Multan Sultans
1354931,"National Stadium, Karachi",Karachi Kings,Lahore Qalandars,185,118,61,47,80,59,44,12,Lahore Qalandars,field,Karachi Kings
1354932,"National Stadium, Karachi",Quetta Gladiators,Peshawar Zalmi,154,157,28,53,70,83,56,21,Peshawar Zalmi,field,Peshawar Zalmi
1354933,"National Stadium, Karachi",Lahore Qalandars,Quetta Gladiators,198,135,65,49,93,60,40,26,Quetta Gladiators,field,Lahore Qalandars
1354934,Multan Cricket Stadium,Multan Sultans,Karachi Kings,196,193,50,72,88,68,58,53,Karachi Kings,field,Multan Sultans
1354935,"National Stadium, Karachi",Peshawar Zalmi,Islamabad United,156,159,69,80,59,79,28,0,Islamabad United,field,Islamabad United
1354936,"National Stadium, Karachi",Islamabad United,Quetta Gladiators,220,157,39,61,108,70,73,26,Islamabad United,bat,Islamabad United
1354937,"National Stadium, Karachi",Karachi Kings,Multan Sultans,167,101,52,49,83,52,32,0,Multan Sultans,field,Karachi Kings
1354938,"Gaddafi Stadium, Lahore",Lahore Qalandars,Peshawar Zalmi,241,201,36,63,141,108,64,30,Lahore Qalandars,bat,Lahore Qalandars
1354939,"Gaddafi Stadium, Lahore",Lahore Qalandars,Islamabad United,200,90,57,56,92,34,51,0,Lahore Qalandars,bat,Lahore Qalandars
1354940,Rawalpindi Cricket Stadium,Peshawar Zalmi,Karachi Kings,197,173,41,55,91,69,65,49,Karachi Kings,field,Peshawar Zalmi
1354941,"Gaddafi Stadium, Lahore",Lahore Qalandars,Quetta Gladiators,148,131,29,53,90,52,29,26,Quetta Gladiators,field,Lahore Qalandars
1354942,Rawalpindi Cricket Stadium,Karachi Kings,Islamabad United,201,204,61,62,88,98,52,44,Karachi Kings,bat,Islamabad United
1354943,"Gaddafi Stadium, Lahore",Lahore Qalandars,Multan Sultans,180,159,56,44,93,66,31,49,Lahore Qalandars,bat,Lahore Qalandars
1354944,Rawalpindi Cricket Stadium,Quetta Gladiators,Islamabad United,179,183,19,77,102,63,58,43,Islamabad United,field,Islamabad United
1354945,Rawalpindi Cricket Stadium,Karachi Kings,Quetta Gladiators,164,168,53,43,70,65,41,60,Quetta Gladiators,field,Quetta Gladiators
1354946,Rawalpindi Cricket Stadium,Peshawar Zalmi,Lahore Qalandars,207,172,67,24,104,107,36,41,Peshawar Zalmi,bat,Peshawar Zalmi
1354947,Rawalpindi Cricket Stadium,Multan Sultans,Islamabad United,205,209,57,54,116,95,32,60,Islamabad United,field,Islamabad United
1354948,Rawalpindi Cricket Stadium,Peshawar Zalmi,Quetta Gladiators,240,243,67,88,121,113,52,42,Peshawar Zalmi,bat,Quetta Gladiators
1354949,Rawalpindi Cricket Stadium,Lahore Qalandars,Islamabad United,226,107,65,50,109,57,52,0,Lahore Qalandars,bat,Lahore Qalandars
1354950,Rawalpindi Cricket Stadium,Peshawar Zalmi,Multan Sultans,242,244,64,66,118,136,60,42,Peshawar Zalmi,bat,Multan Sultans
1354951,Rawalpindi Cricket Stadium,Multan Sultans,Quetta Gladiators,262,253,91,75,122,120,49,58,Quetta Gladiators,field,Multan Sultans
1354952,Rawalpindi Cricket Stadium,Peshawar Zalmi,Islamabad United,179,166,69,40,90,79,20,47,Islamabad United,field,Peshawar Zalmi
1354953,"Gaddafi Stadium, Lahore",Karachi Kings,Lahore Qalandars,196,110,68,31,77,57,51,22,Karachi Kings,bat,Karachi Kings
1354954,"Gaddafi Stadium, Lahore",Multan Sultans,Lahore Qalandars,160,76,46,33,64,43,50,0,Multan Sultans,bat,Multan Sultans
1354955,"Gaddafi Stadium, Lahore",Peshawar Zalmi,Islamabad United,183,171,77,67,74,70,32,34,Islamabad United,field,Peshawar Zalmi
1354956,"Gaddafi Stadium, Lahore",Peshawar Zalmi,Lahore Qalandars,171,176,54,50,79,96,38,30,Peshawar Zalmi,bat,Lahore Qalandars
1354957,"Gaddafi Stadium, Lahore",Lahore Qalandars,Multan Sultans,200,199,43,72,86,80,71,47,Lahore Qalandars,bat,Lahore Qalandars
1359475,"Narendra Modi Stadium, Ahmedabad",Chennai Super Kings,Gujarat Titans,178,182,51,65,82,73,45,44,Gujarat Titans,field,Gujarat Titans
1359476,"Punjab Cricket Association IS Bindra Stadium, Mohali, Chandigarh",Punjab Kings,Kolkata Knight Riders,191,146,56,46,87,90,48,10,Kolkata Knight Riders,field,Punjab Kings
1359477,"Bharat Ratna Shri Atal Bihari Vajpayee Ekana Cricket Stadium, Lucknow",Lucknow Super Giants,Delhi Capitals,193,143,30,47,97,63,66,33,Delhi Capitals,field,Lucknow Super Giants
1359478,"Rajiv Gandhi International Stadium, Uppal, Hyderabad",Rajasthan Royals,Sunrisers Hyderabad,203,131,85,30,75,55,43,46,Sunrisers Hyderabad,field,Rajasthan Royals
1359479,"M Chinnaswamy Stadium, Bengaluru",Mumbai Indians,Royal Challengers Bangalore,171,172,29,53,73,95,69,24,Royal Challengers Bangalore,field,Royal Challengers Bangalore
1359480,"MA Chidambaram Stadium, Chepauk, Chennai",Chennai Super Kings,Lucknow Super Giants,217,205,79,80,85,70,53,55,Lucknow Super Giants,field,Chennai Super Kings
1359481,"Arun Jaitley Stadium, Delhi",Delhi Capitals,Gujarat Titans,162,163,52,54,69,63,41,46,Gujarat Titans,field,Gujarat Titans
1359482,"Barsapara Cricket Stadium, Guwahati",Punjab Kings,Rajasthan Royals,197,192,63,57,89,67,45,68,Rajasthan Royals,field,Punjab Kings
1359483,"Eden Gardens, Kolkata",Kolkata Knight Riders,Royal Challengers Bangalore,204,123,47,50,93,52,64,21,Royal Challengers Bangalore,field,Kolkata Knight Riders
1359484,"Bharat Ratna Shri Atal Bihari Vajpayee Ekana Cricket Stadium, Lucknow",Sunrisers Hyderabad,Lucknow Super Giants,121,127,43,45,40,73,38,9,Sunrisers Hyderabad,bat,Lucknow Super Giants
1359485,"Barsapara Cricket Stadium, Guwahati",Rajasthan Royals,Delhi Capitals,199,142,68,38,62,75,69,29,Delhi Capitals,field,Rajasthan Royals
1359486,"Wankhede Stadium, Mumbai",Mumbai Indians,Chennai Super Kings,157,159,61,68,48,66,48,25,Chennai Super Kings,field,Chennai Super Kings
1359487,"Narendra Modi Stadium, Ahmedabad",Gujarat Titans,Kolkata Knight Riders,204,207,54,43,78,106,72,58,Gujarat Titans,bat,Kolkata Knight Riders
1359488,"Rajiv Gandhi International Stadium, Uppal, Hyderabad",Punjab Kings,Sunrisers Hyderabad,143,145,41,34,47,84,55,27,Sunrisers Hyderabad,field,Sunrisers Hyderabad
1359489,"M Chinnaswamy Stadium, Bengaluru",Royal Challengers Bangalore,Lucknow Super Giants,212,213,56,37,81,134,75,42,Lucknow Super Giants,field,Lucknow Super Giants
1359490,"Arun Jaitley Stadium, Delhi",Delhi Capitals,Mumbai Indians,172,173,51,68,72,55,49,50,Mumbai Indians,field,Mumbai Indians
1359491,"MA Chidambaram Stadium, Chepauk, Chennai",Rajasthan Royals,Chennai Super Kings,175,172,57,45,78,68,40,59,Chennai Super Kings,field,Rajasthan Royals
1359492,"Punjab Cricket Association IS Bindra Stadium, Mohali, Chandigarh",Punjab Kings,Gujarat Titans,153,154,52,56,47,55,54,43,Gujarat Titans,field,Gujarat Titans
1359493,"Eden Gardens, Kolkata",Sunrisers Hyderabad,Kolkata Knight Riders,228,205,65,62,92,80,71,63,Kolkata Knight Riders,field,Sunrisers Hyderabad
1359494,"M Chinnaswamy Stadium, Bengaluru",Royal Challengers Bangalore,Delhi Capitals,174,151,47,32,87,76,40,43,Delhi Capitals,field,Royal Challengers Bangalore
1359495,"Bharat Ratna Shri Atal Bihari Vajpayee Ekana Cricket Stadium, Lucknow",Lucknow Super Giants,Punjab Kings,159,161,49,45,62,70,48,46,Punjab Kings,field,Punjab Kings
1359496,"Wankhede Stadium, Mumbai",Kolkata Knight Riders,Mumbai Indians,185,186,57,72,83,91,45,23,Mumbai Indians,field,Mumbai Indians
1359497,"Narendra Modi Stadium, Ahmedabad",Gujarat Titans,Rajasthan Royals,177,179,42,26,77,88,58,65,Rajasthan Royals,field,Rajasthan Royals
1359498,"M Chinnaswamy Stadium, Bengaluru",Chennai Super Kings,Royal Challengers Bangalore,226,218,53,75,112,94,61,49,Royal Challengers Bangalore,field,Chennai Super Kings
1359499,"Rajiv Gandhi International Stadium, Uppal, Hyderabad",Mumbai Indians,Sunrisers Hyderabad,192,178,53,42,77,91,62,45,Sunrisers Hyderabad,field,Mumbai Indians
1359500,"Sawai Mansingh Stadium, Jaipur",Lucknow Super Giants,Rajasthan Royals,154,144,37,47,72,57,45,40,Rajasthan Royals,field,Lucknow Super Giants
1359501,"Punjab Cricket Association IS Bindra Stadium, Mohali, Chandigarh",Royal Challengers Bangalore,Punjab Kings,174,150,59,49,71,76,44,25,Punjab Kings,field,Royal Challengers Bangalore
1359502,"Arun Jaitley Stadium, Delhi",Kolkata Knight Riders,Delhi Capitals,127,128,35,61,59,43,33,24,Delhi Capitals,field,Delhi Capitals
1359503,"MA Chidambaram Stadium, Chepauk, Chennai",Sunrisers Hyderabad,Chennai Super Kings,134,138,45,60,57,51,32,27,Chennai Super Kings,field,Chennai Super Kings
1359504,"Bharat Ratna Shri Atal Bihari Vajpayee Ekana Cricket Stadium, Lucknow",Gujarat Titans,Lucknow Super Giants,135,128,40,53,52,53,43,22,Gujarat Titans,bat,Gujarat Titans
1359505,"Wankhede Stadium, Mumbai",Punjab Kings,Mumbai Indians,214,201,58,54,60,95,96,52,Mumbai Indians,field,Punjab Kings
1359506,"M Chinnaswamy Stadium, Bengaluru",Royal Challengers Bangalore,Rajasthan Royals,189,182,62,47,94,74,33,61,Rajasthan Royals,field,Royal Challengers Bangalore
1359507,"Eden Gardens, Kolkata",Chennai Super Kings,Kolkata Knight Riders,235,186,59,38,101,99,75,49,Kolkata Knight Riders,field,Chennai Super Kings
1359508,"Rajiv Gandhi International Stadium, Uppal, Hyderabad",Delhi Capitals,Sunrisers Hyderabad,144,137,49,36,57,53,38,48,Delhi Capitals,bat,Delhi Capitals
1359509,"Narendra Modi Stadium, Ahmedabad",Gujarat Titans,Mumbai Indians,207,152,50,29,80,83,77,40,Mumbai Indians,field,Gujarat Titans
1359510,"M Chinnaswamy Stadium, Bengaluru",Kolkata Knight Riders,Royal Challengers Bangalore,200,179,66,58,65,80,69,41,Royal Challengers Bangalore,field,Kolkata Knight Riders
1359511,"Sawai Mansingh Stadium, Jaipur",Rajasthan Royals,Chennai Super Kings,202,170,64,42,75,83,63,45,Rajasthan Royals,bat,Rajasthan Royals
1359512,"Punjab Cricket Association IS Bindra Stadium, Mohali, Chandigarh",Lucknow Super Giants,Punjab Kings,257,201,74,55,110,97,73,49,Punjab Kings,field,Lucknow Super Giants
1359513,"Eden Gardens, Kolkata",Kolkata Knight Riders,Gujarat Titans,179,180,61,52,73,77,45,51,Gujarat Titans,field,Gujarat Titans
1359514,"Arun Jaitley Stadium, Delhi",Sunrisers Hyderabad,Delhi Capitals,197,188,62,57,73,81,62,50,Sunrisers Hyderabad,bat,Sunrisers Hyderabad
1359515,"MA Chidambaram Stadium, Chepauk, Chennai",Chennai Super Kings,Punjab Kings,200,201,57,62,89,67,54,72,Chennai Super Kings,bat,Punjab Kings
1359516,"Wankhede Stadium, Mumbai",Rajasthan Royals,Mumbai Indians,212,214,65,58,78,92,69,64,Rajasthan Royals,bat,Mumbai Indians
1359517,"Bharat Ratna Shri Atal Bihari Vajpayee Ekana Cricket Stadium, Lucknow",Royal Challengers Bangalore,Lucknow Super Giants,126,108,42,34,50,44,34,30,Royal Challengers Bangalore,bat,Royal Challengers Bangalore
1359518,"Narendra Modi Stadium, Ahmedabad",Delhi Capitals,Gujarat Titans,130,125,28,31,50,48,52,46,Delhi Capitals,bat,Delhi Capitals
1359519,"Bharat Ratna Shri Atal Bihari Vajpayee Ekana Cricket Stadium, Lucknow",Lucknow Super Giants,Chennai Super Kings,125,0,31,0,42,0,52,0,Chennai Super Kings,field,NA
1359520,"Punjab Cricket Association IS Bindra Stadium, Mohali, Chandigarh",Punjab Kings,Mumbai Indians,214,216,50,54,95,116,69,46,Mumbai Indians,field,Mumbai Indians
1359521,"Rajiv Gandhi International Stadium, Uppal, Hyderabad",Kolkata Knight Riders,Sunrisers Hyderabad,171,166,49,53,80,81,42,32,Kolkata Knight Riders,bat,Kolkata Knight Riders
1359522,"Sawai Mansingh Stadium, Jaipur",Rajasthan Royals,Gujarat Titans,118,119,50,49,50,70,18,0,Rajasthan Royals,bat,Gujarat Titans
1359523,"MA Chidambaram Stadium, Chepauk, Chennai",Mumbai Indians,Chennai Super Kings,139,140,34,55,59,68,46,17,Chennai Super Kings,field,Chennai Super Kings
1359524,"Arun Jaitley Stadium, Delhi",Royal Challengers Bangalore,Delhi Capitals,181,187,51,70,75,96,55,21,Royal Challengers Bangalore,bat,Delhi Capitals
1359525,"Narendra Modi Stadium, Ahmedabad",Gujarat Titans,Lucknow Super Giants,227,171,78,72,98,58,51,41,Lucknow Super Giants,field,Gujarat Titans
1359526,"Sawai Mansingh Stadium, Jaipur",Rajasthan Royals,Sunrisers Hyderabad,214,217,61,52,93,94,60,71,Rajasthan Royals,bat,Sunrisers Hyderabad
1359527,"Eden Gardens, Kolkata",Punjab Kings,Kolkata Knight Riders,179,182,58,52,66,70,55,60,Punjab Kings,bat,Kolkata Knight Riders
1359528,"Wankhede Stadium, Mumbai",Royal Challengers Bangalore,Mumbai Indians,199,200,56,62,96,112,47,26,Mumbai Indians,field,Mumbai Indians
1359529,"MA Chidambaram Stadium, Chepauk, Chennai",Chennai Super Kings,Delhi Capitals,167,140,49,47,68,44,50,49,Chennai Super Kings,bat,Chennai Super Kings
1359530,"Eden Gardens, Kolkata",Kolkata Knight Riders,Rajasthan Royals,149,151,37,78,79,73,33,0,Rajasthan Royals,field,Rajasthan Royals
1359531,"Wankhede Stadium, Mumbai",Mumbai Indians,Gujarat Titans,218,191,61,48,90,82,67,61,Gujarat Titans,field,Mumbai Indians
1359532,"Rajiv Gandhi International Stadium, Uppal, Hyderabad",Sunrisers Hyderabad,Lucknow Super Giants,182,185,56,30,74,84,52,71,Sunrisers Hyderabad,bat,Lucknow Super Giants
1359533,"Arun Jaitley Stadium, Delhi",Punjab Kings,Delhi Capitals,167,136,46,65,71,50,50,21,Delhi Capitals,field,Punjab Kings
1359534,"Sawai Mansingh Stadium, Jaipur",Royal Challengers Bangalore,Rajasthan Royals,171,59,42,28,78,31,51,0,Royal Challengers Bangalore,bat,Royal Challengers Bangalore
1359535,"MA Chidambaram Stadium, Chepauk, Chennai",Chennai Super Kings,Kolkata Knight Riders,144,147,52,46,40,71,52,30,Chennai Super Kings,bat,Kolkata Knight Riders
1359536,"Narendra Modi Stadium, Ahmedabad",Gujarat Titans,Sunrisers Hyderabad,188,154,65,45,89,66,34,43,Sunrisers Hyderabad,field,Gujarat Titans
1359537,"Bharat Ratna Shri Atal Bihari Vajpayee Ekana Cricket Stadium, Lucknow",Lucknow Super Giants,Mumbai Indians,177,172,35,58,73,67,69,47,Mumbai Indians,field,Lucknow Super Giants
1359538,"Himachal Pradesh Cricket Association Stadium, Dharamsala",Delhi Capitals,Punjab Kings,213,198,61,47,87,81,65,70,Punjab Kings,field,Delhi Capitals
1359539,"Rajiv Gandhi International Stadium, Uppal, Hyderabad",Sunrisers Hyderabad,Royal Challengers Bangalore,186,187,49,64,84,86,53,37,Royal Challengers Bangalore,field,Royal Challengers Bangalore
1359540,"Himachal Pradesh Cricket Association Stadium, Dharamsala",Punjab Kings,Rajasthan Royals,187,189,48,57,69,84,70,48,Rajasthan Royals,field,Rajasthan Royals
1359541,"Arun Jaitley Stadium, Delhi",Chennai Super Kings,Delhi Capitals,223,146,52,34,96,82,75,30,Chennai Super Kings,bat,Chennai Super Kings
1359542,"Eden Gardens, Kolkata",Lucknow Super Giants,Kolkata Knight Riders,176,175,54,61,65,53,57,61,Kolkata Knight Riders,field,Lucknow Super Giants
1359543,"Wankhede Stadium, Mumbai",Sunrisers Hyderabad,Mumbai Indians,200,201,53,60,104,100,43,41,Mumbai Indians,field,Mumbai Indians
1359544,"M Chinnaswamy Stadium, Bengaluru",Royal Challengers Bangalore,Gujarat Titans,197,198,62,51,74,97,61,50,Gujarat Titans,field,Gujarat Titans
1370350,"MA Chidambaram Stadium, Chepauk, Chennai",Chennai Super Kings,Gujarat Titans,172,157,49,41,76,61,47,55,Gujarat Titans,field,Chennai Super Kings
1370351,"MA Chidambaram Stadium, Chepauk, Chennai",Mumbai Indians,Lucknow Super Giants,182,101,62,54,69,46,51,1,Mumbai Indians,bat,Mumbai Indians
1370352,"Narendra Modi Stadium, Ahmedabad",Gujarat Titans,Mumbai Indians,233,171,50,72,116,84,67,15,Mumbai Indians,field,Gujarat Titans
1370353,"Narendra Modi Stadium, Ahmedabad",Gujarat Titans,Chennai Super Kings,214,171,62,72,81,99,71,0,Chennai Super Kings,field,Chennai Super Kings
1416472,"Gaddafi Stadium, Lahore",Lahore Qalandars,Islamabad United,195,200,66,50,84,114,45,36,Islamabad United,field,Islamabad United
1416473,"Gaddafi Stadium, Lahore",Quetta Gladiators,Peshawar Zalmi,206,190,70,70,98,81,38,39,Peshawar Zalmi,field,Quetta Gladiators
1416474,Multan Cricket Stadium,Multan Sultans,Karachi Kings,185,130,53,36,85,66,47,28,Karachi Kings,field,Multan Sultans
1416475,"Gaddafi Stadium, Lahore",Lahore Qalandars,Quetta Gladiators,187,188,43,61,97,96,47,31,Lahore Qalandars,bat,Quetta Gladiators
1416476,Multan Cricket Stadium,Islamabad United,Multan Sultans,144,145,32,44,91,62,21,39,Multan Sultans,field,Multan Sultans
1416477,"Gaddafi Stadium, Lahore",Peshawar Zalmi,Karachi Kings,154,157,42,48,93,98,19,11,Karachi Kings,field,Karachi Kings
1416478,Multan Cricket Stadium,Lahore Qalandars,Multan Sultans,166,170,49,38,73,83,44,49,Lahore Qalandars,bat,Multan Sultans
1416479,"Gaddafi Stadium, Lahore",Islamabad United,Quetta Gladiators,138,139,60,51,51,65,27,23,Quetta Gladiators,field,Quetta Gladiators
1416480,Multan Cricket Stadium,Peshawar Zalmi,Multan Sultans,179,174,46,38,93,92,40,44,Peshawar Zalmi,bat,Peshawar Zalmi
1416481,"Gaddafi Stadium, Lahore",Lahore Qalandars,Karachi Kings,175,176,32,44,91,95,52,37,Karachi Kings,field,Karachi Kings
1416482,Multan Cricket Stadium,Multan Sultans,Quetta Gladiators,180,167,53,48,69,83,58,36,Quetta Gladiators,field,Multan Sultans
1416483,"Gaddafi Stadium, Lahore",Peshawar Zalmi,Lahore Qalandars,211,203,57,56,108,96,46,51,Lahore Qalandars,field,Peshawar Zalmi
1416484,"Gaddafi Stadium, Lahore",Peshawar Zalmi,Islamabad United,201,193,65,45,72,114,64,34,Islamabad United,field,Peshawar Zalmi
1416485,"Gaddafi Stadium, Lahore",Multan Sultans,Lahore Qalandars,214,154,53,55,107,91,54,8,Multan Sultans,bat,Multan Sultans
1416486,"National Stadium, Karachi",Karachi Kings,Islamabad United,165,169,46,58,57,89,62,22,Islamabad United,field,Islamabad United
1416487,"National Stadium, Karachi",Karachi Kings,Quetta Gladiators,165,169,61,57,73,65,31,47,Quetta Gladiators,field,Quetta Gladiators
1416490,"National Stadium, Karachi",Multan Sultans,Karachi Kings,189,169,50,53,102,70,37,46,Multan Sultans,bat,Multan Sultans
1416491,Rawalpindi Cricket Stadium,Islamabad United,Peshawar Zalmi,196,167,46,18,109,107,41,42,Peshawar Zalmi,field,Islamabad United
1416492,Rawalpindi Cricket Stadium,Peshawar Zalmi,Multan Sultans,204,200,71,40,88,94,45,66,Peshawar Zalmi,bat,Peshawar Zalmi
1416493,Rawalpindi Cricket Stadium,Quetta Gladiators,Karachi Kings,118,121,53,49,49,72,16,0,Karachi Kings,field,Karachi Kings
1416494,Rawalpindi Cricket Stadium,Lahore Qalandars,Islamabad United,162,145,26,36,89,79,47,30,Islamabad United,field,Lahore Qalandars
1416495,Rawalpindi Cricket Stadium,Karachi Kings,Islamabad United,150,151,38,47,80,81,32,23,Islamabad United,field,Islamabad United
1416496,Rawalpindi Cricket Stadium,Peshawar Zalmi,Quetta Gladiators,196,120,70,56,87,57,39,7,Quetta Gladiators,field,Peshawar Zalmi
1416497,"National Stadium, Karachi",Lahore Qalandars,Karachi Kings,177,179,44,58,81,75,52,46,Karachi Kings,field,Karachi Kings
1416498,Rawalpindi Cricket Stadium,Multan Sultans,Islamabad United,228,232,58,65,123,116,47,51,Islamabad United,field,Islamabad United
1416499,"National Stadium, Karachi",Lahore Qalandars,Quetta Gladiators,166,169,39,43,89,79,38,47,Lahore Qalandars,bat,Quetta Gladiators
1416500,"National Stadium, Karachi",Peshawar Zalmi,Karachi Kings,147,145,54,44,53,62,40,39,Peshawar Zalmi,bat,Peshawar Zalmi
1416501,"National Stadium, Karachi",Multan Sultans,Quetta Gladiators,185,106,43,46,89,60,53,0,Quetta Gladiators,field,Multan Sultans
1416502,"National Stadium, Karachi",Peshawar Zalmi,Multan Sultans,146,147,51,45,60,74,35,28,Peshawar Zalmi,bat,Multan Sultans
1416503,"National Stadium, Karachi",Islamabad United,Quetta Gladiators,174,135,51,23,86,99,37,13,Islamabad United,bat,Islamabad United
1416504,"National Stadium, Karachi",Peshawar Zalmi,Islamabad United,185,189,59,50,81,90,45,49,Islamabad United,field,Islamabad United
1416505,"National Stadium, Karachi",Multan Sultans,Islamabad United,159,163,48,46,76,81,35,36,Multan Sultans,bat,Islamabad United
1422119,"MA Chidambaram Stadium, Chepauk, Chennai",Royal Challengers Bengaluru,Chennai Super Kings,173,176,42,62,60,66,71,48,Royal Challengers Bengaluru,bat,Chennai Super Kings
1422120,"Maharaja Yadavindra Singh International Cricket Stadium, Mullanpur",Delhi Capitals,Punjab Kings,174,177,54,60,70,70,50,47,Punjab Kings,field,Punjab Kings
1422121,"Eden Gardens, Kolkata",Kolkata Knight Riders,Sunrisers Hyderabad,208,204,43,65,80,63,85,76,Sunrisers Hyderabad,field,Kolkata Knight Riders
1422122,"Sawai Mansingh Stadium, Jaipur",Rajasthan Royals,Lucknow Super Giants,193,173,54,47,89,87,50,39,Rajasthan Royals,bat,Rajasthan Royals
1422123,"Narendra Modi Stadium, Ahmedabad",Gujarat Titans,Mumbai Indians,168,162,47,52,77,74,44,36,Mumbai Indians,field,Gujarat Titans
1422124,"M Chinnaswamy Stadium, Bengaluru",Punjab Kings,Royal Challengers Bengaluru,176,178,40,50,88,68,48,60,Royal Challengers Bengaluru,field,Royal Challengers Bengaluru
1422125,"MA Chidambaram Stadium, Chepauk, Chennai",Chennai Super Kings,Gujarat Titans,206,143,69,43,86,71,51,29,Gujarat Titans,field,Chennai Super Kings
1422126,"Rajiv Gandhi International Stadium, Uppal, Hyderabad",Sunrisers Hyderabad,Mumbai Indians,277,246,81,76,121,109,75,61,Mumbai Indians,field,Sunrisers Hyderabad
1422127,"Sawai Mansingh Stadium, Jaipur",Rajasthan Royals,Delhi Capitals,185,173,31,59,77,61,77,53,Delhi Capitals,field,Rajasthan Royals
1422128,"M Chinnaswamy Stadium, Bengaluru",Royal Challengers Bengaluru,Kolkata Knight Riders,182,186,61,85,73,82,48,19,Kolkata Knight Riders,field,Kolkata Knight Riders
1422129,"Bharat Ratna Shri Atal Bihari Vajpayee Ekana Cricket Stadium, Lucknow",Lucknow Super Giants,Punjab Kings,199,178,54,61,92,75,53,42,Lucknow Super Giants,bat,Lucknow Super Giants
1422130,"Narendra Modi Stadium, Ahmedabad",Sunrisers Hyderabad,Gujarat Titans,162,168,56,52,66,62,40,54,Sunrisers Hyderabad,bat,Gujarat Titans
1422131,"Dr. Y.S. Rajasekhara Reddy ACA-VDCA Cricket Stadium, Visakhapatnam",Delhi Capitals,Chennai Super Kings,191,171,62,32,72,81,57,58,Delhi Capitals,bat,Delhi Capitals
1422132,"Wankhede Stadium, Mumbai",Mumbai Indians,Rajasthan Royals,125,127,46,46,56,65,23,16,Rajasthan Royals,field,Rajasthan Royals
1422133,"M Chinnaswamy Stadium, Bengaluru",Lucknow Super Giants,Royal Challengers Bengaluru,181,153,54,48,77,56,50,49,Royal Challengers Bengaluru,field,Lucknow Super Giants
1422134,"Dr. Y.S. Rajasekhara Reddy ACA-VDCA Cricket Stadium, Visakhapatnam",Kolkata Knight Riders,Delhi Capitals,272,166,88,51,107,108,77,7,Kolkata Knight Riders,bat,Kolkata Knight Riders
1422135,"Narendra Modi Stadium, Ahmedabad",Gujarat Titans,Punjab Kings,199,200,52,54,82,84,65,62,Punjab Kings,field,Punjab Kings
1422136,"Rajiv Gandhi International Stadium, Uppal, Hyderabad",Chennai Super Kings,Sunrisers Hyderabad,165,166,48,78,79,57,38,31,Sunrisers Hyderabad,field,Sunrisers Hyderabad
1422137,"Sawai Mansingh Stadium, Jaipur",Royal Challengers Bengaluru,Rajasthan Royals,183,189,53,54,76,98,54,37,Rajasthan Royals,field,Rajasthan Royals
1422138,"Wankhede Stadium, Mumbai",Mumbai Indians,Delhi Capitals,234,205,75,46,63,98,96,61,Delhi Capitals,field,Mumbai Indians
1422139,"Bharat Ratna Shri Atal Bihari Vajpayee Ekana Cricket Stadium, Lucknow",Lucknow Super Giants,Gujarat Titans,163,130,47,54,67,39,49,37,Lucknow Super Giants,bat,Lucknow Super Giants
1426260,"MA Chidambaram Stadium, Chepauk, Chennai",Kolkata Knight Riders,Chennai Super Kings,137,141,56,52,43,63,38,26,Chennai Super Kings,field,Chennai Super Kings
1426261,"Maharaja Yadavindra Singh International Cricket Stadium, Mullanpur",Sunrisers Hyderabad,Punjab Kings,182,180,40,27,93,78,49,75,Punjab Kings,field,Sunrisers Hyderabad
1426262,"Sawai Mansingh Stadium, Jaipur",Rajasthan Royals,Gujarat Titans,196,199,43,44,91,80,62,75,Gujarat Titans,field,Gujarat Titans
1426263,"Wankhede Stadium, Mumbai",Royal Challengers Bengaluru,Mumbai Indians,196,199,44,72,86,116,66,11,Mumbai Indians,field,Mumbai Indians
1426264,"Bharat Ratna Shri Atal Bihari Vajpayee Ekana Cricket Stadium, Lucknow",Lucknow Super Giants,Delhi Capitals,167,170,57,62,57,83,53,25,Lucknow Super Giants,bat,Delhi Capitals
1426265,"Maharaja Yadavindra Singh International Cricket Stadium, Mullanpur",Punjab Kings,Rajasthan Royals,147,152,38,43,48,56,61,53,Rajasthan Royals,field,Rajasthan Royals
1426266,"Eden Gardens, Kolkata",Lucknow Super Giants,Kolkata Knight Riders,161,162,49,58,64,98,48,6,Kolkata Knight Riders,field,Kolkata Knight Riders
1426267,"Wankhede Stadium, Mumbai",Chennai Super Kings,Mumbai Indians,206,186,48,63,101,69,57,54,Mumbai Indians,field,Chennai Super Kings
1426268,"M Chinnaswamy Stadium, Bengaluru",Sunrisers Hyderabad,Royal Challengers Bengaluru,287,262,76,79,129,108,82,75,Royal Challengers Bengaluru,field,Sunrisers Hyderabad
1426269,"Eden Gardens, Kolkata",Kolkata Knight Riders,Rajasthan Royals,223,224,56,76,105,69,62,79,Rajasthan Royals,field,Rajasthan Royals
1426270,"Narendra Modi Stadium, Ahmedabad",Gujarat Titans,Delhi Capitals,89,92,30,67,48,25,11,0,Delhi Capitals,field,Delhi Capitals
1426271,"Maharaja Yadavindra Singh International Cricket Stadium, Mullanpur",Mumbai Indians,Punjab Kings,192,183,54,40,76,101,62,42,Punjab Kings,field,Mumbai Indians
1426272,"Bharat Ratna Shri Atal Bihari Vajpayee Ekana Cricket Stadium, Lucknow",Chennai Super Kings,Lucknow Super Giants,176,180,51,54,54,80,71,46,Lucknow Super Giants,field,Lucknow Super Giants
1426273,"Arun Jaitley Stadium, Delhi",Sunrisers Hyderabad,Delhi Capitals,266,199,125,88,80,78,61,33,Delhi Capitals,field,Sunrisers Hyderabad
1426274,"Eden Gardens, Kolkata",Kolkata Knight Riders,Royal Challengers Bengaluru,222,221,75,74,74,100,73,47,Royal Challengers Bengaluru,field,Kolkata Knight Riders
1426275,"Maharaja Yadavindra Singh International Cricket Stadium, Mullanpur",Punjab Kings,Gujarat Titans,142,146,56,44,41,57,45,45,Punjab Kings,bat,Gujarat Titans
1426276,"Sawai Mansingh Stadium, Jaipur",Mumbai Indians,Rajasthan Royals,179,183,45,61,86,90,48,32,Mumbai Indians,bat,Rajasthan Royals
1426277,"MA Chidambaram Stadium, Chepauk, Chennai",Chennai Super Kings,Lucknow Super Giants,210,213,49,45,86,92,75,76,Lucknow Super Giants,field,Lucknow Super Giants
1426278,"Arun Jaitley Stadium, Delhi",Delhi Capitals,Gujarat Titans,224,220,44,67,83,80,97,73,Gujarat Titans,field,Delhi Capitals
1426279,"Rajiv Gandhi International Stadium, Uppal, Hyderabad",Royal Challengers Bengaluru,Sunrisers Hyderabad,206,171,61,62,81,70,64,39,Royal Challengers Bengaluru,bat,Royal Challengers Bengaluru
1426280,"Eden Gardens, Kolkata",Kolkata Knight Riders,Punjab Kings,261,262,76,93,114,108,71,61,Punjab Kings,field,Punjab Kings
1426281,"Arun Jaitley Stadium, Delhi",Delhi Capitals,Mumbai Indians,257,247,92,65,98,108,67,74,Mumbai Indians,field,Delhi Capitals
1426282,"Bharat Ratna Shri Atal Bihari Vajpayee Ekana Cricket Stadium, Lucknow",Lucknow Super Giants,Rajasthan Royals,196,199,46,60,104,84,46,55,Rajasthan Royals,field,Rajasthan Royals
1426283,"Narendra Modi Stadium, Ahmedabad",Gujarat Titans,Royal Challengers Bengaluru,200,206,42,63,96,114,62,29,Royal Challengers Bengaluru,field,Royal Challengers Bengaluru
1426284,"MA Chidambaram Stadium, Chepauk, Chennai",Chennai Super Kings,Sunrisers Hyderabad,212,134,50,53,98,56,64,25,Sunrisers Hyderabad,field,Chennai Super Kings
1426285,"Eden Gardens, Kolkata",Delhi Capitals,Kolkata Knight Riders,153,157,67,79,45,62,41,16,Delhi Capitals,bat,Kolkata Knight Riders
1426286,"Bharat Ratna Shri Atal Bihari Vajpayee Ekana Cricket Stadium, Lucknow",Mumbai Indians,Lucknow Super Giants,144,145,28,52,68,64,48,29,Lucknow Super Giants,field,Lucknow Super Giants
1426287,"MA Chidambaram Stadium, Chepauk, Chennai",Chennai Super Kings,Punjab Kings,162,163,55,52,47,83,60,28,Punjab Kings,field,Punjab Kings
1426288,"Rajiv Gandhi International Stadium, Uppal, Hyderabad",Sunrisers Hyderabad,Rajasthan Royals,201,200,37,60,94,97,70,43,Sunrisers Hyderabad,bat,Sunrisers Hyderabad
1426289,"Wankhede Stadium, Mumbai",Kolkata Knight Riders,Mumbai Indians,169,145,57,46,71,73,41,26,Mumbai Indians,field,Kolkata Knight Riders
1426290,"M Chinnaswamy Stadium, Bengaluru",Gujarat Titans,Royal Challengers Bengaluru,147,152,23,92,79,60,45,0,Royal Challengers Bengaluru,field,Royal Challengers Bengaluru
1426291,"Himachal Pradesh Cricket Association Stadium, Dharamsala",Chennai Super Kings,Punjab Kings,167,139,60,47,57,44,50,48,Punjab Kings,field,Chennai Super Kings
1426292,"Bharat Ratna Shri Atal Bihari Vajpayee Ekana Cricket Stadium, Lucknow",Kolkata Knight Riders,Lucknow Super Giants,235,137,70,55,101,75,64,7,Lucknow Super Giants,field,Kolkata Knight Riders
1426293,"Wankhede Stadium, Mumbai",Sunrisers Hyderabad,Mumbai Indians,173,174,56,52,64,87,53,35,Mumbai Indians,field,Mumbai Indians
1426294,"Arun Jaitley Stadium, Delhi",Delhi Capitals,Rajasthan Royals,221,201,78,67,78,92,65,42,Rajasthan Royals,field,Delhi Capitals
1426295,"Rajiv Gandhi International Stadium, Uppal, Hyderabad",Lucknow Super Giants,Sunrisers Hyderabad,165,167,27,107,75,60,63,0,Lucknow Super Giants,bat,Sunrisers Hyderabad
1426296,"Himachal Pradesh Cricket Association Stadium, Dharamsala",Royal Challengers Bengaluru,Punjab Kings,241,181,56,75,108,89,77,17,Punjab Kings,field,Royal Challengers Bengaluru
1426297,"Narendra Modi Stadium, Ahmedabad",Gujarat Titans,Chennai Super Kings,231,196,58,43,132,100,41,53,Chennai Super Kings,field,Gujarat Titans
1426298,"Eden Gardens, Kolkata",Kolkata Knight Riders,Mumbai Indians,157,139,52,62,95,74,10,3,Mumbai Indians,field,Kolkata Knight Riders
1426299,"MA Chidambaram Stadium, Chepauk, Chennai",Rajasthan Royals,Chennai Super Kings,141,145,42,56,52,60,47,29,Rajasthan Royals,bat,Chennai Super Kings
1426300,"M Chinnaswamy Stadium, Bengaluru",Royal Challengers Bengaluru,Delhi Capitals,187,140,61,54,77,73,49,13,Delhi Capitals,field,Royal Challengers Bengaluru
1426302,"Arun Jaitley Stadium, Delhi",Delhi Capitals,Lucknow Super Giants,208,189,73,59,63,76,72,54,Lucknow Super Giants,field,Delhi Capitals
1426303,"Barsapara Cricket Stadium, Guwahati",Rajasthan Royals,Punjab Kings,144,145,38,39,65,64,41,42,Rajasthan Royals,bat,Punjab Kings
1426305,"Wankhede Stadium, Mumbai",Lucknow Super Giants,Mumbai Indians,214,196,49,53,110,72,55,71,Mumbai Indians,field,Lucknow Super Giants
1426306,"M Chinnaswamy Stadium, Bengaluru",Royal Challengers Bengaluru,Chennai Super Kings,218,191,42,58,96,71,80,62,Chennai Super Kings,field,Royal Challengers Bengaluru
1426307,"Rajiv Gandhi International Stadium, Uppal, Hyderabad",Punjab Kings,Sunrisers Hyderabad,214,215,61,84,98,98,55,33,Punjab Kings,bat,Sunrisers Hyderabad
1426309,"Narendra Modi Stadium, Ahmedabad",Sunrisers Hyderabad,Kolkata Knight Riders,159,164,45,63,80,101,34,0,Sunrisers Hyderabad,bat,Kolkata Knight Riders
1426310,"Narendra Modi Stadium, Ahmedabad",Royal Challengers Bengaluru,Rajasthan Royals,172,174,50,47,75,79,47,48,Rajasthan Royals,field,Rajasthan Royals
1426311,"MA Chidambaram Stadium, Chepauk, Chennai",Sunrisers Hyderabad,Rajasthan Royals,175,139,68,51,64,51,43,37,Rajasthan Royals,field,Sunrisers Hyderabad
1426312,"MA Chidambaram Stadium, Chepauk, Chennai",Sunrisers Hyderabad,Kolkata Knight Riders,113,114,40,72,50,42,23,0,Sunrisers Hyderabad,bat,Kolkata Knight Riders
1473438,"Eden Gardens, Kolkata",Kolkata Knight Riders,Royal Challengers Bengaluru,174,177,60,80,85,77,29,20,Royal Challengers Bengaluru,field,Royal Challengers Bengaluru
1473439,"Rajiv Gandhi International Stadium, Uppal, Hyderabad",Sunrisers Hyderabad,Rajasthan Royals,286,242,94,77,114,92,78,73,Rajasthan Royals,field,Sunrisers Hyderabad
1473440,"MA Chidambaram Stadium, Chepauk, Chennai",Mumbai Indians,Chennai Super Kings,155,158,52,62,58,57,45,39,Chennai Super Kings,field,Chennai Super Kings
1473441,"Dr. Y.S. Rajasekhara Reddy ACA-VDCA Cricket Stadium, Visakhapatnam",Lucknow Super Giants,Delhi Capitals,209,211,64,58,106,90,39,63,Delhi Capitals,field,Delhi Capitals
1473442,"Narendra Modi Stadium, Ahmedabad",Punjab Kings,Gujarat Titans,243,232,73,61,83,113,87,58,Gujarat Titans,field,Punjab Kings
1473443,"Barsapara Cricket Stadium, Guwahati",Rajasthan Royals,Kolkata Knight Riders,151,153,54,40,56,78,41,35,Kolkata Knight Riders,field,Kolkata Knight Riders
1473444,"Rajiv Gandhi International Stadium, Uppal, Hyderabad",Sunrisers Hyderabad,Lucknow Super Giants,190,193,62,77,81,99,47,17,Lucknow Super Giants,field,Lucknow Super Giants
1473445,"MA Chidambaram Stadium, Chepauk, Chennai",Royal Challengers Bengaluru,Chennai Super Kings,196,146,56,30,82,68,58,48,Chennai Super Kings,field,Royal Challengers Bengaluru
1473446,"Narendra Modi Stadium, Ahmedabad",Gujarat Titans,Mumbai Indians,196,160,66,48,74,70,56,42,Mumbai Indians,field,Gujarat Titans
1473447,"Dr. Y.S. Rajasekhara Reddy ACA-VDCA Cricket Stadium, Visakhapatnam",Sunrisers Hyderabad,Delhi Capitals,163,166,58,52,82,98,23,16,Sunrisers Hyderabad,bat,Delhi Capitals
1473448,"Barsapara Cricket Stadium, Guwahati",Rajasthan Royals,Chennai Super Kings,182,176,79,42,66,80,37,54,Chennai Super Kings,field,Rajasthan Royals
1473449,"Wankhede Stadium, Mumbai",Kolkata Knight Riders,Mumbai Indians,116,121,41,55,60,66,15,0,Mumbai Indians,field,Mumbai Indians
1473450,"Bharat Ratna Shri Atal Bihari Vajpayee Ekana Cricket Stadium, Lucknow",Lucknow Super Giants,Punjab Kings,171,177,39,62,78,93,54,22,Punjab Kings,field,Punjab Kings
1473451,"M Chinnaswamy Stadium, Bengaluru",Royal Challengers Bengaluru,Gujarat Titans,169,170,38,42,67,92,64,36,Gujarat Titans,field,Gujarat Titans
1473452,"Eden Gardens, Kolkata",Kolkata Knight Riders,Sunrisers Hyderabad,200,120,53,33,69,81,78,6,Sunrisers Hyderabad,field,Kolkata Knight Riders
1473453,"Bharat Ratna Shri Atal Bihari Vajpayee Ekana Cricket Stadium, Lucknow",Lucknow Super Giants,Mumbai Indians,203,191,69,64,77,79,57,48,Mumbai Indians,field,Lucknow Super Giants
1473454,"MA Chidambaram Stadium, Chepauk, Chennai",Delhi Capitals,Chennai Super Kings,183,158,51,46,87,60,45,52,Delhi Capitals,bat,Delhi Capitals
1473455,"Maharaja Yadavindra Singh International Cricket Stadium, Mullanpur",Rajasthan Royals,Punjab Kings,205,155,53,43,89,88,63,24,Punjab Kings,field,Rajasthan Royals
1473456,"Eden Gardens, Kolkata",Lucknow Super Giants,Kolkata Knight Riders,238,234,59,90,111,83,68,61,Kolkata Knight Riders,field,Lucknow Super Giants
1473457,"Rajiv Gandhi International Stadium, Uppal, Hyderabad",Sunrisers Hyderabad,Gujarat Titans,152,153,45,48,60,82,47,23,Gujarat Titans,field,Gujarat Titans
1473458,"Wankhede Stadium, Mumbai",Royal Challengers Bengaluru,Mumbai Indians,221,209,73,54,78,103,70,52,Mumbai Indians,field,Royal Challengers Bengaluru
1473459,"Maharaja Yadavindra Singh International Cricket Stadium, Mullanpur",Punjab Kings,Chennai Super Kings,219,201,75,59,89,86,55,56,Punjab Kings,bat,Punjab Kings
1473460,"Narendra Modi Stadium, Ahmedabad",Gujarat Titans,Rajasthan Royals,217,159,56,57,89,82,72,20,Rajasthan Royals,field,Gujarat Titans
1473461,"M Chinnaswamy Stadium, Bengaluru",Royal Challengers Bengaluru,Delhi Capitals,163,169,64,39,53,82,46,48,Delhi Capitals,field,Delhi Capitals
1473462,"MA Chidambaram Stadium, Chepauk, Chennai",Chennai Super Kings,Kolkata Knight Riders,103,107,31,71,43,36,29,0,Kolkata Knight Riders,field,Kolkata Knight Riders
1473463,"Bharat Ratna Shri Atal Bihari Vajpayee Ekana Cricket Stadium, Lucknow",Gujarat Titans,Lucknow Super Giants,180,186,54,61,81,93,45,32,Lucknow Super Giants,field,Lucknow Super Giants
1473464,"Rajiv Gandhi International Stadium, Uppal, Hyderabad",Punjab Kings,Sunrisers Hyderabad,245,247,89,83,88,122,68,42,Punjab Kings,bat,Sunrisers Hyderabad
1473465,"Sawai Mansingh Stadium, Jaipur",Rajasthan Royals,Royal Challengers Bengaluru,173,175,45,65,69,81,59,29,Royal Challengers Bengaluru,field,Royal Challengers Bengaluru
1473466,"Arun Jaitley Stadium, Delhi",Mumbai Indians,Delhi Capitals,205,193,59,72,87,86,59,35,Delhi Capitals,field,Mumbai Indians
1473467,"Bharat Ratna Shri Atal Bihari Vajpayee Ekana Cricket Stadium, Lucknow",Lucknow Super Giants,Chennai Super Kings,166,168,42,59,67,52,57,57,Chennai Super Kings,field,Chennai Super Kings
1473468,"Maharaja Yadavindra Singh International Cricket Stadium, Mullanpur",Punjab Kings,Kolkata Knight Riders,111,95,54,55,55,40,2,0,Punjab Kings,bat,Punjab Kings
1473469,"Arun Jaitley Stadium, Delhi",Delhi Capitals,Rajasthan Royals,188,212,46,87,65,69,77,56,Rajasthan Royals,field,NA
1473470,"Wankhede Stadium, Mumbai",Sunrisers Hyderabad,Mumbai Indians,162,166,46,55,59,82,57,29,Mumbai Indians,field,Mumbai Indians
1473471,"M Chinnaswamy Stadium, Bengaluru",Royal Challengers Bengaluru,Punjab Kings,95,98,33,46,62,52,0,0,Punjab Kings,field,Punjab Kings
1473472,"Narendra Modi Stadium, Ahmedabad",Delhi Capitals,Gujarat Titans,203,204,73,67,77,91,53,46,Gujarat Titans,field,Gujarat Titans
1473473,"Sawai Mansingh Stadium, Jaipur",Lucknow Super Giants,Rajasthan Royals,180,178,46,61,75,74,59,43,Lucknow Super Giants,bat,Lucknow Super Giants
1473474,"Maharaja Yadavindra Singh International Cricket Stadium, Mullanpur",Punjab Kings,Royal Challengers Bengaluru,157,159,62,54,57,68,38,37,Royal Challengers Bengaluru,field,Royal Challengers Bengaluru
1473475,"Wankhede Stadium, Mumbai",Chennai Super Kings,Mumbai Indians,176,177,48,62,70,95,58,20,Mumbai Indians,field,Mumbai Indians
1473476,"Eden Gardens, Kolkata",Gujarat Titans,Kolkata Knight Riders,198,159,45,45,94,69,59,45,Kolkata Knight Riders,field,Gujarat Titans
1473477,"Bharat Ratna Shri Atal Bihari Vajpayee Ekana Cricket Stadium, Lucknow",Lucknow Super Giants,Delhi Capitals,159,161,51,54,67,73,41,34,Delhi Capitals,field,Delhi Capitals
1473478,"Rajiv Gandhi International Stadium, Uppal, Hyderabad",Sunrisers Hyderabad,Mumbai Indians,143,146,24,56,66,81,53,9,Mumbai Indians,field,Mumbai Indians
1473479,"M Chinnaswamy Stadium, Bengaluru",Royal Challengers Bengaluru,Rajasthan Royals,205,194,59,72,97,76,49,46,Rajasthan Royals,field,Royal Challengers Bengaluru
1473480,"MA Chidambaram Stadium, Chepauk, Chennai",Chennai Super Kings,Sunrisers Hyderabad,154,155,50,37,77,77,27,41,Sunrisers Hyderabad,field,Sunrisers Hyderabad
1473481,"Eden Gardens, Kolkata",Punjab Kings,Kolkata Knight Riders,201,7,56,7,105,0,40,0,Punjab Kings,bat,NA
1473482,"Wankhede Stadium, Mumbai",Mumbai Indians,Lucknow Super Giants,215,161,66,60,91,80,58,21,Lucknow Super Giants,field,Mumbai Indians
1473483,"Arun Jaitley Stadium, Delhi",Delhi Capitals,Royal Challengers Bengaluru,162,165,52,35,56,79,54,51,Royal Challengers Bengaluru,field,Royal Challengers Bengaluru
1473484,"Sawai Mansingh Stadium, Jaipur",Gujarat Titans,Rajasthan Royals,209,212,53,87,96,112,60,13,Rajasthan Royals,field,Rajasthan Royals
1473485,"Arun Jaitley Stadium, Delhi",Kolkata Knight Riders,Delhi Capitals,204,190,79,58,80,88,45,44,Delhi Capitals,field,Kolkata Knight Riders
1473486,"MA Chidambaram Stadium, Chepauk, Chennai",Chennai Super Kings,Punjab Kings,190,194,48,51,86,88,56,55,Punjab Kings,field,Punjab Kings
1473487,"Sawai Mansingh Stadium, Jaipur",Mumbai Indians,Rajasthan Royals,217,117,58,62,88,51,71,4,Rajasthan Royals,field,Mumbai Indians
1473488,"Narendra Modi Stadium, Ahmedabad",Gujarat Titans,Sunrisers Hyderabad,224,186,82,57,80,82,62,47,Sunrisers Hyderabad,field,Gujarat Titans
1473489,"M Chinnaswamy Stadium, Bengaluru",Royal Challengers Bengaluru,Chennai Super Kings,213,211,71,58,73,102,69,51,Chennai Super Kings,field,Royal Challengers Bengaluru
1473490,"Eden Gardens, Kolkata",Kolkata Knight Riders,Rajasthan Royals,206,205,56,59,65,96,85,50,Kolkata Knight Riders,bat,Kolkata Knight Riders
1473491,"Himachal Pradesh Cricket Association Stadium, Dharamsala",Punjab Kings,Lucknow Super Giants,236,199,66,38,95,105,75,56,Lucknow Super Giants,field,Punjab Kings
1473492,"Rajiv Gandhi International Stadium, Uppal, Hyderabad",Delhi Capitals,Sunrisers Hyderabad,133,0,26,0,60,0,47,0,Sunrisers Hyderabad,field,NA
1473493,"Wankhede Stadium, Mumbai",Mumbai Indians,Gujarat Titans,155,147,56,29,60,84,39,34,Gujarat Titans,field,Gujarat Titans
1473494,"Eden Gardens, Kolkata",Kolkata Knight Riders,Chennai Super Kings,179,183,67,62,57,78,55,43,Kolkata Knight Riders,bat,Chennai Super Kings
1473495,"Himachal Pradesh Cricket Association Stadium, Dharamsala",Punjab Kings,Delhi Capitals,122,0,69,0,53,0,0,0,Punjab Kings,bat,NA
1473497,"Sawai Mansingh Stadium, Jaipur",Punjab Kings,Rajasthan Royals,219,209,58,89,89,65,72,55,Punjab Kings,bat,Punjab Kings
1473498,"Arun Jaitley Stadium, Delhi",Delhi Capitals,Gujarat Titans,199,205,45,59,91,95,63,51,Gujarat Titans,field,Gujarat Titans
1473499,"Bharat Ratna Shri Atal Bihari Vajpayee Ekana Cricket Stadium, Lucknow",Lucknow Super Giants,Sunrisers Hyderabad,205,206,69,72,77,99,59,35,Sunrisers Hyderabad,field,Sunrisers Hyderabad
1473500,"Arun Jaitley Stadium, Delhi",Chennai Super Kings,Rajasthan Royals,187,188,68,56,78,94,41,38,Rajasthan Royals,field,Rajasthan Royals
1473501,"Wankhede Stadium, Mumbai",Mumbai Indians,Delhi Capitals,180,121,54,49,60,56,66,16,Delhi Capitals,field,Mumbai Indians
1473502,"Narendra Modi Stadium, Ahmedabad",Lucknow Super Giants,Gujarat Titans,235,202,53,67,107,98,75,37,Gujarat Titans,field,Lucknow Super Giants
1473503,"Bharat Ratna Shri Atal Bihari Vajpayee Ekana Cricket Stadium, Lucknow",Sunrisers Hyderabad,Royal Challengers Bengaluru,231,189,71,72,97,95,63,22,Royal Challengers Bengaluru,field,Sunrisers Hyderabad
1473504,"Narendra Modi Stadium, Ahmedabad",Chennai Super Kings,Gujarat Titans,230,147,68,35,95,90,67,22,Chennai Super Kings,bat,Chennai Super Kings
1473505,"Arun Jaitley Stadium, Delhi",Sunrisers Hyderabad,Kolkata Knight Riders,278,168,79,59,125,71,74,38,Sunrisers Hyderabad,bat,Sunrisers Hyderabad
1473506,"Sawai Mansingh Stadium, Jaipur",Mumbai Indians,Punjab Kings,184,187,52,47,79,99,53,41,Punjab Kings,field,Punjab Kings
1473507,"Bharat Ratna Shri Atal Bihari Vajpayee Ekana Cricket Stadium, Lucknow",Lucknow Super Giants,Royal Challengers Bengaluru,227,230,55,66,109,111,63,53,Royal Challengers Bengaluru,field,Royal Challengers Bengaluru
1473508,"Maharaja Yadavindra Singh International Cricket Stadium, Mullanpur",Punjab Kings,Royal Challengers Bengaluru,101,106,48,61,53,45,0,0,Royal Challengers Bengaluru,field,Royal Challengers Bengaluru
1473509,"Maharaja Yadavindra Singh International Cricket Stadium, New Chandigarh",Mumbai Indians,Gujarat Titans,228,208,79,66,81,95,68,47,Mumbai Indians,bat,Mumbai Indians
1473510,"Narendra Modi Stadium, Ahmedabad",Mumbai Indians,Punjab Kings,203,207,65,64,81,83,57,60,Punjab Kings,field,Punjab Kings
1473511,"Narendra Modi Stadium, Ahmedabad",Royal Challengers Bengaluru,Punjab Kings,190,184,55,52,77,67,58,65,Punjab Kings,field,Royal Challengers Bengaluru
1475238,Rawalpindi Cricket Stadium,Lahore Qalandars,Islamabad United,139,143,36,37,76,87,27,19,Islamabad United,field,Islamabad United
1475239,Rawalpindi Cricket Stadium,Quetta Gladiators,Peshawar Zalmi,216,136,65,45,93,91,58,0,Peshawar Zalmi,field,Quetta Gladiators
1475240,"National Stadium, Karachi",Multan Sultans,Karachi Kings,234,236,63,76,97,112,74,48,Karachi Kings,field,Karachi Kings
1475241,Rawalpindi Cricket Stadium,Lahore Qalandars,Quetta Gladiators,219,140,60,62,98,78,61,0,Quetta Gladiators,field,Lahore Qalandars
1475242,Rawalpindi Cricket Stadium,Islamabad United,Peshawar Zalmi,243,141,73,43,115,87,55,11,Islamabad United,bat,Islamabad United
1475243,"National Stadium, Karachi",Lahore Qalandars,Karachi Kings,201,136,44,39,109,63,48,34,Lahore Qalandars,bat,Lahore Qalandars
1475244,Rawalpindi Cricket Stadium,Islamabad United,Multan Sultans,202,155,62,62,76,80,64,13,Multan Sultans,field,Islamabad United
1475245,"National Stadium, Karachi",Karachi Kings,Quetta Gladiators,175,119,61,37,67,55,47,27,Karachi Kings,bat,Karachi Kings
1475246,Rawalpindi Cricket Stadium,Peshawar Zalmi,Multan Sultans,227,107,69,61,92,46,66,0,Peshawar Zalmi,bat,Peshawar Zalmi
1475247,"National Stadium, Karachi",Karachi Kings,Islamabad United,128,129,41,48,51,68,36,13,Islamabad United,field,Islamabad United
1475248,"National Stadium, Karachi",Peshawar Zalmi,Karachi Kings,147,148,27,44,84,72,36,32,Karachi Kings,field,Karachi Kings
1475249,Multan Cricket Stadium,Multan Sultans,Lahore Qalandars,228,195,79,58,104,97,45,40,Multan Sultans,bat,Multan Sultans
1475250,Multan Cricket Stadium,Multan Sultans,Islamabad United,168,171,48,69,86,84,34,18,Multan Sultans,bat,Islamabad United
1475251,"Gaddafi Stadium, Lahore",Lahore Qalandars,Peshawar Zalmi,129,133,35,52,68,71,26,10,Peshawar Zalmi,field,Peshawar Zalmi
1475252,"Gaddafi Stadium, Lahore",Quetta Gladiators,Karachi Kings,142,137,45,51,81,51,16,35,Karachi Kings,field,Quetta Gladiators
1475253,"Gaddafi Stadium, Lahore",Multan Sultans,Lahore Qalandars,185,186,39,45,89,102,57,39,Lahore Qalandars,field,Lahore Qalandars
1475254,"Gaddafi Stadium, Lahore",Quetta Gladiators,Peshawar Zalmi,178,114,67,41,73,73,38,0,Peshawar Zalmi,field,Quetta Gladiators
1475255,"Gaddafi Stadium, Lahore",Multan Sultans,Quetta Gladiators,89,90,31,74,51,16,7,0,Quetta Gladiators,field,Quetta Gladiators
1475256,"Gaddafi Stadium, Lahore",Lahore Qalandars,Islamabad United,209,121,56,49,89,65,64,7,Islamabad United,field,Lahore Qalandars
1475257,"Gaddafi Stadium, Lahore",Karachi Kings,Multan Sultans,204,117,65,53,79,64,60,0,Karachi Kings,bat,Karachi Kings
1475258,"Gaddafi Stadium, Lahore",Lahore Qalandars,Quetta Gladiators,111,0,67,0,44,0,0,0,Quetta Gladiators,field,
1475259,"Gaddafi Stadium, Lahore",Islamabad United,Peshawar Zalmi,143,147,49,40,58,100,36,7,Islamabad United,bat,Peshawar Zalmi
1475260,"Gaddafi Stadium, Lahore",Islamabad United,Quetta Gladiators,157,159,59,53,51,64,47,42,Quetta Gladiators,field,Quetta Gladiators
1475261,"Gaddafi Stadium, Lahore",Lahore Qalandars,Karachi Kings,160,168,69,68,91,100,0,0,Karachi Kings,field,Karachi Kings
1475262,Multan Cricket Stadium,Multan Sultans,Peshawar Zalmi,108,110,40,54,50,56,18,0,Multan Sultans,bat,Peshawar Zalmi
1475263,Rawalpindi Cricket Stadium,Quetta Gladiators,Islamabad United,263,154,63,53,133,61,67,40,Islamabad United,field,Quetta Gladiators
1475264,Rawalpindi Cricket Stadium,Karachi Kings,Peshawar Zalmi,237,214,57,59,110,110,70,45,Peshawar Zalmi,field,Karachi Kings
1475265,Rawalpindi Cricket Stadium,Multan Sultans,Quetta Gladiators,185,190,56,60,89,85,40,45,Multan Sultans,bat,Quetta Gladiators
1475266,Rawalpindi Cricket Stadium,Lahore Qalandars,Peshawar Zalmi,149,123,80,48,69,75,0,0,Peshawar Zalmi,field,Lahore Qalandars
1475267,Rawalpindi Cricket Stadium,Islamabad United,Karachi Kings,251,172,76,61,116,89,59,22,Karachi Kings,field,Islamabad United
1475268,"Gaddafi Stadium, Lahore",Quetta Gladiators,Islamabad United,209,179,70,45,81,109,58,25,Quetta Gladiators,bat,Quetta Gladiators
1475269,"Gaddafi Stadium, Lahore",Karachi Kings,Lahore Qalandars,190,191,70,60,74,104,46,27,Karachi Kings,bat,Lahore Qalandars
1475270,"Gaddafi Stadium, Lahore",Lahore Qalandars,Islamabad United,202,107,58,33,92,74,52,0,Lahore Qalandars,bat,Lahore Qalandars
1475271,"Gaddafi Stadium, Lahore",Quetta Gladiators,Lahore Qalandars,201,204,57,56,98,87,46,61,Quetta Gladiators,bat,Lahore Qalandars
1485779,"Sawai Mansingh Stadium, Jaipur",Punjab Kings,Delhi Capitals,206,208,60,61,82,94,64,53,Delhi Capitals,field,Delhi Capitals
